Student Name,Student Email,Parent Login Email,Parent Password,Relationship
"Sai Reddy","sai.reddy@student.sunriseschool.edu.in","parent.saireddy@sunriseschool.edu.in","sai@parent123","Parent"
"Siddharth Singh","siddharth.singh@student.sunriseschool.edu.in","parent.siddharthsingh@sunriseschool.edu.in","siddharth@parent123","Parent"
"Vihaan Verma","vihaan.verma@student.sunriseschool.edu.in","parent.vihaanverma@sunriseschool.edu.in","vihaan@parent123","Parent"
"Aditya Rao","aditya.rao@student.sunriseschool.edu.in","parent.adityarao@sunriseschool.edu.in","aditya@parent123","Parent"
"Ananya Chauhan","ananya.chauhan@student.sunriseschool.edu.in","parent.ananyachauhan@sunriseschool.edu.in","ananya@parent123","Parent"
"Sneha Joshi","sneha.joshi@student.sunriseschool.edu.in","parent.snehajoshi@sunriseschool.edu.in","sneha@parent123","Parent"
"Vikas Yadav","vikas.yadav@student.sunriseschool.edu.in","parent.vikasyadav@sunriseschool.edu.in","vikas@parent123","Parent"
"Ananya Mehta","ananya.mehta@student.sunriseschool.edu.in","parent.ananyamehta@sunriseschool.edu.in","ananya@parent123","Parent"
"Ananya Nair","ananya.nair@student.sunriseschool.edu.in","parent.ananyanair@sunriseschool.edu.in","ananya@parent123","Parent"
"Kabir Yadav","kabir.yadav@student.sunriseschool.edu.in","parent.kabiryadav@sunriseschool.edu.in","kabir@parent123","Parent"
"Arjun Singh","arjun.singh@student.sunriseschool.edu.in","parent.arjunsingh@sunriseschool.edu.in","arjun@parent123","Parent"
"Neha Kumar","neha.kumar@student.sunriseschool.edu.in","parent.nehakumar@sunriseschool.edu.in","neha@parent123","Parent"
"Vivaan Kumar","vivaan.kumar@student.sunriseschool.edu.in","parent.vivaankumar@sunriseschool.edu.in","vivaan@parent123","Parent"
"Kabir Rao","kabir.rao@student.sunriseschool.edu.in","parent.kabirrao@sunriseschool.edu.in","kabir@parent123","Parent"
"Aisha Nair","aisha.nair@student.sunriseschool.edu.in","parent.aishanair@sunriseschool.edu.in","aisha@parent123","Parent"
"Ananya Rao","ananya.rao@student.sunriseschool.edu.in","parent.ananyarao@sunriseschool.edu.in","ananya@parent123","Parent"
"Aditya Yadav","aditya.yadav@student.sunriseschool.edu.in","parent.adityayadav@sunriseschool.edu.in","aditya@parent123","Parent"
"Aarav Chauhan","aarav.chauhan@student.sunriseschool.edu.in","parent.aaravchauhan@sunriseschool.edu.in","aarav@parent123","Parent"
"Aarav Verma","aarav.verma@student.sunriseschool.edu.in","parent.aaravverma@sunriseschool.edu.in","aarav@parent123","Parent"
"Dhruv Yadav","dhruv.yadav@student.sunriseschool.edu.in","parent.dhruvyadav@sunriseschool.edu.in","dhruv@parent123","Parent"
"Dhruv Patel","dhruv.patel@student.sunriseschool.edu.in","parent.dhruvpatel@sunriseschool.edu.in","dhruv@parent123","Parent"
"Kabir Rao","kabir.rao1@student.sunriseschool.edu.in","parent.kabirrao.3095@sunriseschool.edu.in","kabir@parent123","Parent"
"Neha Gupta","neha.gupta@student.sunriseschool.edu.in","parent.nehagupta@sunriseschool.edu.in","neha@parent123","Parent"
"Arjun Mehta","arjun.mehta@student.sunriseschool.edu.in","parent.arjunmehta@sunriseschool.edu.in","arjun@parent123","Parent"
"Priya Sharma","priya.sharma@student.sunriseschool.edu.in","parent.priyasharma@sunriseschool.edu.in","priya@parent123","Parent"
"Rahul Gupta","rahul.gupta@student.sunriseschool.edu.in","parent.rahulgupta@sunriseschool.edu.in","rahul@parent123","Parent"
"Kabir Singh","kabir.singh@student.sunriseschool.edu.in","parent.kabirsingh@sunriseschool.edu.in","kabir@parent123","Parent"
"Sara Mehta","sara.mehta@student.sunriseschool.edu.in","parent.saramehta@sunriseschool.edu.in","sara@parent123","Parent"
"Dhruv Nair","dhruv.nair@student.sunriseschool.edu.in","parent.dhruvnair@sunriseschool.edu.in","dhruv@parent123","Parent"
"Neha Gupta","neha.gupta1@student.sunriseschool.edu.in","parent.nehagupta.3153@sunriseschool.edu.in","neha@parent123","Parent"
"Diya Kumar","diya.kumar@student.sunriseschool.edu.in","parent.diyakumar@sunriseschool.edu.in","diya@parent123","Parent"
"Aarav Verma","aarav.verma1@student.sunriseschool.edu.in","parent.aaravverma.3153@sunriseschool.edu.in","aarav@parent123","Parent"
"Siddharth Patel","siddharth.patel@student.sunriseschool.edu.in","parent.siddharthpatel@sunriseschool.edu.in","siddharth@parent123","Parent"
"Ananya Joshi","ananya.joshi@student.sunriseschool.edu.in","parent.ananyajoshi@sunriseschool.edu.in","ananya@parent123","Parent"
"Kabir Nair","kabir.nair@student.sunriseschool.edu.in","parent.kabirnair@sunriseschool.edu.in","kabir@parent123","Parent"
"Arjun Singh","arjun.singh1@student.sunriseschool.edu.in","parent.arjunsingh.3153@sunriseschool.edu.in","arjun@parent123","Parent"
"Vivaan Gupta","vivaan.gupta@student.sunriseschool.edu.in","parent.vivaangupta@sunriseschool.edu.in","vivaan@parent123","Parent"
"Priya Gupta","priya.gupta@student.sunriseschool.edu.in","parent.priyagupta@sunriseschool.edu.in","priya@parent123","Parent"
"Aarav Chauhan","aarav.chauhan1@student.sunriseschool.edu.in","parent.aaravchauhan.3153@sunriseschool.edu.in","aarav@parent123","Parent"
"Dhruv Singh","dhruv.singh@student.sunriseschool.edu.in","parent.dhruvsingh@sunriseschool.edu.in","dhruv@parent123","Parent"
"Vivaan Pillai","vivaan.pillai@student.sunriseschool.edu.in","parent.vivaanpillai@sunriseschool.edu.in","vivaan@parent123","Parent"
"Sai Reddy","sai.reddy1@student.sunriseschool.edu.in","parent.saireddy.3153@sunriseschool.edu.in","sai@parent123","Parent"
"Tanvi Sharma","tanvi.sharma@student.sunriseschool.edu.in","parent.tanvisharma@sunriseschool.edu.in","tanvi@parent123","Parent"
"Aarav Pillai","aarav.pillai@student.sunriseschool.edu.in","parent.aaravpillai@sunriseschool.edu.in","aarav@parent123","Parent"
"Kavya Patel","kavya.patel@student.sunriseschool.edu.in","parent.kavyapatel@sunriseschool.edu.in","kavya@parent123","Parent"
"Kavya Chauhan","kavya.chauhan@student.sunriseschool.edu.in","parent.kavyachauhan@sunriseschool.edu.in","kavya@parent123","Parent"
"Diya Kumar","diya.kumar1@student.sunriseschool.edu.in","parent.diyakumar.3153@sunriseschool.edu.in","diya@parent123","Parent"
"Aditya Verma","aditya.verma@student.sunriseschool.edu.in","parent.adityaverma@sunriseschool.edu.in","aditya@parent123","Parent"
"Priya Reddy","priya.reddy@student.sunriseschool.edu.in","parent.priyareddy@sunriseschool.edu.in","priya@parent123","Parent"
"Aisha Nair","aisha.nair1@student.sunriseschool.edu.in","parent.aishanair.3193@sunriseschool.edu.in","aisha@parent123","Parent"
"Sara Joshi","sara.joshi@student.sunriseschool.edu.in","parent.sarajoshi@sunriseschool.edu.in","sara@parent123","Parent"
"Aisha Shah","aisha.shah@student.sunriseschool.edu.in","parent.aishashah@sunriseschool.edu.in","aisha@parent123","Parent"
"Dhruv Kumar","dhruv.kumar@student.sunriseschool.edu.in","parent.dhruvkumar@sunriseschool.edu.in","dhruv@parent123","Parent"
"Diya Sharma","diya.sharma@student.sunriseschool.edu.in","parent.diyasharma@sunriseschool.edu.in","diya@parent123","Parent"
"Arjun Verma","arjun.verma@student.sunriseschool.edu.in","parent.arjunverma@sunriseschool.edu.in","arjun@parent123","Parent"
"Sai Sharma","sai.sharma@student.sunriseschool.edu.in","parent.saisharma@sunriseschool.edu.in","sai@parent123","Parent"
"Kavya Patel","kavya.patel1@student.sunriseschool.edu.in","parent.kavyapatel.3193@sunriseschool.edu.in","kavya@parent123","Parent"
"Aisha Mehta","aisha.mehta@student.sunriseschool.edu.in","parent.aishamehta@sunriseschool.edu.in","aisha@parent123","Parent"
"Kabir Verma","kabir.verma@student.sunriseschool.edu.in","parent.kabirverma@sunriseschool.edu.in","kabir@parent123","Parent"
"Suhana Mehta","suhana.mehta@student.sunriseschool.edu.in","parent.suhanamehta@sunriseschool.edu.in","suhana@parent123","Parent"
"Tanvi Rao","tanvi.rao@student.sunriseschool.edu.in","parent.tanvirao@sunriseschool.edu.in","tanvi@parent123","Parent"
"Sara Reddy","sara.reddy1@student.sunriseschool.edu.in","parent.sarareddy@sunriseschool.edu.in","sara@parent123","Parent"
"Dhruv Mehta","dhruv.mehta@student.sunriseschool.edu.in","parent.dhruvmehta@sunriseschool.edu.in","dhruv@parent123","Parent"
"Priya Sharma","priya.sharma1@student.sunriseschool.edu.in","parent.priyasharma.3193@sunriseschool.edu.in","priya@parent123","Parent"
"Siddharth Chauhan","siddharth.chauhan@student.sunriseschool.edu.in","parent.siddharthchauhan@sunriseschool.edu.in","siddharth@parent123","Parent"
"Priya Joshi","priya.joshi@student.sunriseschool.edu.in","parent.priyajoshi@sunriseschool.edu.in","priya@parent123","Parent"
"Ananya Mehta","ananya.mehta1@student.sunriseschool.edu.in","parent.ananyamehta.3193@sunriseschool.edu.in","ananya@parent123","Parent"
"Neha Joshi","neha.joshi@student.sunriseschool.edu.in","parent.nehajoshi@sunriseschool.edu.in","neha@parent123","Parent"
"Sai Rao","sai.rao@student.sunriseschool.edu.in","parent.sairao@sunriseschool.edu.in","sai@parent123","Parent"
"Aditya Rao","aditya.rao1@student.sunriseschool.edu.in","parent.adityarao.3193@sunriseschool.edu.in","aditya@parent123","Parent"
"Aarav Chauhan","aarav.chauhan2@student.sunriseschool.edu.in","parent.aaravchauhan.3193@sunriseschool.edu.in","aarav@parent123","Parent"
"Suhana Joshi","suhana.joshi@student.sunriseschool.edu.in","parent.suhanajoshi@sunriseschool.edu.in","suhana@parent123","Parent"
"Siddharth Sharma","siddharth.sharma@student.sunriseschool.edu.in","parent.siddharthsharma@sunriseschool.edu.in","siddharth@parent123","Parent"
"Siddharth Chauhan","siddharth.chauhan1@student.sunriseschool.edu.in","parent.siddharthchauhan.3231@sunriseschool.edu.in","siddharth@parent123","Parent"
"Priya Patel","priya.patel@student.sunriseschool.edu.in","parent.priyapatel@sunriseschool.edu.in","priya@parent123","Parent"
"Priya Sharma","priya.sharma2@student.sunriseschool.edu.in","parent.priyasharma.3231@sunriseschool.edu.in","priya@parent123","Parent"
"Aarav Chauhan","aarav.chauhan3@student.sunriseschool.edu.in","parent.aaravchauhan.3231@sunriseschool.edu.in","aarav@parent123","Parent"
"Diya Kumar","diya.kumar2@student.sunriseschool.edu.in","parent.diyakumar.3231@sunriseschool.edu.in","diya@parent123","Parent"
"Dhruv Nair","dhruv.nair1@student.sunriseschool.edu.in","parent.dhruvnair.3231@sunriseschool.edu.in","dhruv@parent123","Parent"
"Aditya Nair","aditya.nair@student.sunriseschool.edu.in","parent.adityanair@sunriseschool.edu.in","aditya@parent123","Parent"
"Aditya Shah","aditya.shah@student.sunriseschool.edu.in","parent.adityashah@sunriseschool.edu.in","aditya@parent123","Parent"
"Aisha Gupta","aisha.gupta@student.sunriseschool.edu.in","parent.aishagupta@sunriseschool.edu.in","aisha@parent123","Parent"
"Vivaan Sharma","vivaan.sharma@student.sunriseschool.edu.in","parent.vivaansharma@sunriseschool.edu.in","vivaan@parent123","Parent"
"Sara Yadav","sara.yadav@student.sunriseschool.edu.in","parent.sarayadav@sunriseschool.edu.in","sara@parent123","Parent"
"Ananya Reddy","ananya.reddy@student.sunriseschool.edu.in","parent.ananyareddy@sunriseschool.edu.in","ananya@parent123","Parent"
"Neha Mehta","neha.mehta@student.sunriseschool.edu.in","parent.nehamehta@sunriseschool.edu.in","neha@parent123","Parent"
"Rohan Shah","rohan.shah@student.sunriseschool.edu.in","parent.rohanshah@sunriseschool.edu.in","rohan@parent123","Parent"
"Kabir Sharma","kabir.sharma@student.sunriseschool.edu.in","parent.kabirsharma@sunriseschool.edu.in","kabir@parent123","Parent"
"Aditya Singh","aditya.singh@student.sunriseschool.edu.in","parent.adityasingh@sunriseschool.edu.in","aditya@parent123","Parent"
"Kabir Shah","kabir.shah@student.sunriseschool.edu.in","parent.kabirshah@sunriseschool.edu.in","kabir@parent123","Parent"
"Tanvi Patel","tanvi.patel@student.sunriseschool.edu.in","parent.tanvipatel@sunriseschool.edu.in","tanvi@parent123","Parent"
"Arjun Singh","arjun.singh2@student.sunriseschool.edu.in","parent.arjunsingh.3231@sunriseschool.edu.in","arjun@parent123","Parent"
"Tanvi Yadav","tanvi.yadav@student.sunriseschool.edu.in","parent.tanviyadav@sunriseschool.edu.in","tanvi@parent123","Parent"
"Aarav Kumar","aarav.kumar@student.sunriseschool.edu.in","parent.aaravkumar@sunriseschool.edu.in","aarav@parent123","Parent"
"Diya Joshi","diya.joshi@student.sunriseschool.edu.in","parent.diyajoshi@sunriseschool.edu.in","diya@parent123","Parent"
"Riya Nair","riya.nair@student.sunriseschool.edu.in","parent.riyanair@sunriseschool.edu.in","riya@parent123","Parent"
"Arjun Sharma","arjun.sharma@student.sunriseschool.edu.in","parent.arjunsharma@sunriseschool.edu.in","arjun@parent123","Parent"
"Priya Kumar","priya.kumar@student.sunriseschool.edu.in","parent.priyakumar@sunriseschool.edu.in","priya@parent123","Parent"
"Rohan Nair","rohan.nair@student.sunriseschool.edu.in","parent.rohannair@sunriseschool.edu.in","rohan@parent123","Parent"
"Riya Joshi","riya.joshi@student.sunriseschool.edu.in","parent.riyajoshi@sunriseschool.edu.in","riya@parent123","Parent"
"Arjun Joshi","arjun.joshi@student.sunriseschool.edu.in","parent.arjunjoshi@sunriseschool.edu.in","arjun@parent123","Parent"
"Suhana Pillai","suhana.pillai@student.sunriseschool.edu.in","parent.suhanapillai@sunriseschool.edu.in","suhana@parent123","Parent"
"Vivaan Pillai","vivaan.pillai1@student.sunriseschool.edu.in","parent.vivaanpillai.3272@sunriseschool.edu.in","vivaan@parent123","Parent"
"Dhruv Shah","dhruv.shah@student.sunriseschool.edu.in","parent.dhruvshah@sunriseschool.edu.in","dhruv@parent123","Parent"
"Rohan Mehta","rohan.mehta@student.sunriseschool.edu.in","parent.rohanmehta@sunriseschool.edu.in","rohan@parent123","Parent"
"Sai Mehta","sai.mehta@student.sunriseschool.edu.in","parent.saimehta@sunriseschool.edu.in","sai@parent123","Parent"
"Arjun Patel","arjun.patel@student.sunriseschool.edu.in","parent.arjunpatel@sunriseschool.edu.in","arjun@parent123","Parent"
"Diya Gupta","diya.gupta@student.sunriseschool.edu.in","parent.diyagupta@sunriseschool.edu.in","diya@parent123","Parent"
"Neha Rao","neha.rao@student.sunriseschool.edu.in","parent.neharao@sunriseschool.edu.in","neha@parent123","Parent"
"Vihaan Pillai","vihaan.pillai@student.sunriseschool.edu.in","parent.vihaanpillai@sunriseschool.edu.in","vihaan@parent123","Parent"
"Aditya Sharma","aditya.sharma@student.sunriseschool.edu.in","parent.adityasharma@sunriseschool.edu.in","aditya@parent123","Parent"
"Sara Nair","sara.nair@student.sunriseschool.edu.in","parent.saranair@sunriseschool.edu.in","sara@parent123","Parent"
"Tanvi Pillai","tanvi.pillai@student.sunriseschool.edu.in","parent.tanvipillai@sunriseschool.edu.in","tanvi@parent123","Parent"
"Aisha Yadav","aisha.yadav@student.sunriseschool.edu.in","parent.aishayadav@sunriseschool.edu.in","aisha@parent123","Parent"
"Tanvi Pillai","tanvi.pillai1@student.sunriseschool.edu.in","parent.tanvipillai.3272@sunriseschool.edu.in","tanvi@parent123","Parent"
"Sai Singh","sai.singh@student.sunriseschool.edu.in","parent.saisingh@sunriseschool.edu.in","sai@parent123","Parent"
"Tanvi Yadav","tanvi.yadav1@student.sunriseschool.edu.in","parent.tanviyadav.3272@sunriseschool.edu.in","tanvi@parent123","Parent"
"Tanvi Nair","tanvi.nair@student.sunriseschool.edu.in","parent.tanvinair@sunriseschool.edu.in","tanvi@parent123","Parent"
"Riya Gupta","riya.gupta@student.sunriseschool.edu.in","parent.riyagupta@sunriseschool.edu.in","riya@parent123","Parent"
"Sara Yadav","sara.yadav1@student.sunriseschool.edu.in","parent.sarayadav.3272@sunriseschool.edu.in","sara@parent123","Parent"
"Aditya Joshi","aditya.joshi@student.sunriseschool.edu.in","parent.adityajoshi@sunriseschool.edu.in","aditya@parent123","Parent"
"Suhana Reddy","suhana.reddy@student.sunriseschool.edu.in","parent.suhanareddy@sunriseschool.edu.in","suhana@parent123","Parent"
"Tanvi Mehta","tanvi.mehta@student.sunriseschool.edu.in","parent.tanvimehta@sunriseschool.edu.in","tanvi@parent123","Parent"
"Kabir Reddy","kabir.reddy@student.sunriseschool.edu.in","parent.kabirreddy@sunriseschool.edu.in","kabir@parent123","Parent"
"Tanvi Chauhan","tanvi.chauhan@student.sunriseschool.edu.in","parent.tanvichauhan@sunriseschool.edu.in","tanvi@parent123","Parent"
"Ananya Patel","ananya.patel@student.sunriseschool.edu.in","parent.ananyapatel@sunriseschool.edu.in","ananya@parent123","Parent"
"Suhana Shah","suhana.shah@student.sunriseschool.edu.in","parent.suhanashah@sunriseschool.edu.in","suhana@parent123","Parent"
"Tanvi Singh","tanvi.singh@student.sunriseschool.edu.in","parent.tanvisingh@sunriseschool.edu.in","tanvi@parent123","Parent"
"Priya Singh","priya.singh@student.sunriseschool.edu.in","parent.priyasingh@sunriseschool.edu.in","priya@parent123","Parent"
"Priya Singh","priya.singh1@student.sunriseschool.edu.in","parent.priyasingh.3311@sunriseschool.edu.in","priya@parent123","Parent"
"Rohan Sharma","rohan.sharma1@student.sunriseschool.edu.in","parent.rohansharma@sunriseschool.edu.in","rohan@parent123","Parent"
"Aisha Mehta","aisha.mehta1@student.sunriseschool.edu.in","parent.aishamehta.3312@sunriseschool.edu.in","aisha@parent123","Parent"
"Aisha Shah","aisha.shah1@student.sunriseschool.edu.in","parent.aishashah.3312@sunriseschool.edu.in","aisha@parent123","Parent"
"Rohan Gupta","rohan.gupta@student.sunriseschool.edu.in","parent.rohangupta@sunriseschool.edu.in","rohan@parent123","Parent"
"Kabir Joshi","kabir.joshi@student.sunriseschool.edu.in","parent.kabirjoshi@sunriseschool.edu.in","kabir@parent123","Parent"
"Sai Nair","sai.nair@student.sunriseschool.edu.in","parent.sainair@sunriseschool.edu.in","sai@parent123","Parent"
"Suhana Pillai","suhana.pillai1@student.sunriseschool.edu.in","parent.suhanapillai.3312@sunriseschool.edu.in","suhana@parent123","Parent"
"Sai Reddy","sai.reddy2@student.sunriseschool.edu.in","parent.saireddy.3312@sunriseschool.edu.in","sai@parent123","Parent"
"Aarav Patel","aarav.patel@student.sunriseschool.edu.in","parent.aaravpatel@sunriseschool.edu.in","aarav@parent123","Parent"
"Riya Singh","riya.singh@student.sunriseschool.edu.in","parent.riyasingh@sunriseschool.edu.in","riya@parent123","Parent"
"Rohan Reddy","rohan.reddy@student.sunriseschool.edu.in","parent.rohanreddy@sunriseschool.edu.in","rohan@parent123","Parent"
"Arjun Chauhan","arjun.chauhan@student.sunriseschool.edu.in","parent.arjunchauhan@sunriseschool.edu.in","arjun@parent123","Parent"
"Siddharth Reddy","siddharth.reddy2@student.sunriseschool.edu.in","parent.siddharthreddy@sunriseschool.edu.in","siddharth@parent123","Parent"
"Diya Chauhan","diya.chauhan@student.sunriseschool.edu.in","parent.diyachauhan@sunriseschool.edu.in","diya@parent123","Parent"
"Vivaan Joshi","vivaan.joshi@student.sunriseschool.edu.in","parent.vivaanjoshi@sunriseschool.edu.in","vivaan@parent123","Parent"
"Riya Gupta","riya.gupta1@student.sunriseschool.edu.in","parent.riyagupta.3352@sunriseschool.edu.in","riya@parent123","Parent"
"Kavya Chauhan","kavya.chauhan1@student.sunriseschool.edu.in","parent.kavyachauhan.3272@sunriseschool.edu.in","kavya@parent123","Parent"
"Vivaan Shah","vivaan.shah@student.sunriseschool.edu.in","parent.vivaanshah@sunriseschool.edu.in","vivaan@parent123","Parent"
"Rohan Nair","rohan.nair1@student.sunriseschool.edu.in","parent.rohannair.3352@sunriseschool.edu.in","rohan@parent123","Parent"
"Aarav Joshi","aarav.joshi@student.sunriseschool.edu.in","parent.aaravjoshi@sunriseschool.edu.in","aarav@parent123","Parent"
"Sai Sharma","sai.sharma1@student.sunriseschool.edu.in","parent.saisharma.3352@sunriseschool.edu.in","sai@parent123","Parent"
"Rohan Chauhan","rohan.chauhan@student.sunriseschool.edu.in","parent.rohanchauhan@sunriseschool.edu.in","rohan@parent123","Parent"
"Diya Yadav","diya.yadav@student.sunriseschool.edu.in","parent.diyayadav@sunriseschool.edu.in","diya@parent123","Parent"
"Arjun Verma","arjun.verma1@student.sunriseschool.edu.in","parent.arjunverma.3352@sunriseschool.edu.in","arjun@parent123","Parent"
"Siddharth Gupta","siddharth.gupta@student.sunriseschool.edu.in","parent.siddharthgupta@sunriseschool.edu.in","siddharth@parent123","Parent"
"Arjun Yadav","arjun.yadav@student.sunriseschool.edu.in","parent.arjunyadav@sunriseschool.edu.in","arjun@parent123","Parent"
"Diya Verma","diya.verma@student.sunriseschool.edu.in","parent.diyaverma@sunriseschool.edu.in","diya@parent123","Parent"
"Aarav Yadav","aarav.yadav@student.sunriseschool.edu.in","parent.aaravyadav@sunriseschool.edu.in","aarav@parent123","Parent"
"Aisha Verma","aisha.verma@student.sunriseschool.edu.in","parent.aishaverma@sunriseschool.edu.in","aisha@parent123","Parent"
"Sara Sharma","sara.sharma@student.sunriseschool.edu.in","parent.sarasharma@sunriseschool.edu.in","sara@parent123","Parent"
"Riya Sharma","riya.sharma@student.sunriseschool.edu.in","parent.riyasharma@sunriseschool.edu.in","riya@parent123","Parent"
"Arjun Patel","arjun.patel1@student.sunriseschool.edu.in","parent.arjunpatel.3352@sunriseschool.edu.in","arjun@parent123","Parent"
"Kavya Pillai","kavya.pillai1@student.sunriseschool.edu.in","parent.kavyapillai@sunriseschool.edu.in","kavya@parent123","Parent"
"Vihaan Yadav","vihaan.yadav@student.sunriseschool.edu.in","parent.vihaanyadav@sunriseschool.edu.in","vihaan@parent123","Parent"
"Sai Rao","sai.rao1@student.sunriseschool.edu.in","parent.sairao.3352@sunriseschool.edu.in","sai@parent123","Parent"
"Suhana Gupta","suhana.gupta@student.sunriseschool.edu.in","parent.suhanagupta@sunriseschool.edu.in","suhana@parent123","Parent"
"Riya Verma","riya.verma@student.sunriseschool.edu.in","parent.riyaverma@sunriseschool.edu.in","riya@parent123","Parent"
"Riya Pillai","riya.pillai@student.sunriseschool.edu.in","parent.riyapillai@sunriseschool.edu.in","riya@parent123","Parent"
"Siddharth Chauhan","siddharth.chauhan2@student.sunriseschool.edu.in","parent.siddharthchauhan.3414@sunriseschool.edu.in","siddharth@parent123","Parent"
"Vihaan Reddy","vihaan.reddy@student.sunriseschool.edu.in","parent.vihaanreddy@sunriseschool.edu.in","vihaan@parent123","Parent"
"Kabir Kumar","kabir.kumar@student.sunriseschool.edu.in","parent.kabirkumar@sunriseschool.edu.in","kabir@parent123","Parent"
"Aditya Nair","aditya.nair1@student.sunriseschool.edu.in","parent.adityanair.3414@sunriseschool.edu.in","aditya@parent123","Parent"
"Riya Chauhan","riya.chauhan@student.sunriseschool.edu.in","parent.riyachauhan@sunriseschool.edu.in","riya@parent123","Parent"
"Arjun Verma","arjun.verma2@student.sunriseschool.edu.in","parent.arjunverma.3414@sunriseschool.edu.in","arjun@parent123","Parent"
"Aditya Gupta","aditya.gupta@student.sunriseschool.edu.in","parent.adityagupta@sunriseschool.edu.in","aditya@parent123","Parent"
"Aditya Rao","aditya.rao2@student.sunriseschool.edu.in","parent.adityarao.3414@sunriseschool.edu.in","aditya@parent123","Parent"
"Sara Joshi","sara.joshi1@student.sunriseschool.edu.in","parent.sarajoshi.3414@sunriseschool.edu.in","sara@parent123","Parent"
"Riya Shah","riya.shah@student.sunriseschool.edu.in","parent.riyashah@sunriseschool.edu.in","riya@parent123","Parent"
"Tanvi Verma","tanvi.verma@student.sunriseschool.edu.in","parent.tanviverma@sunriseschool.edu.in","tanvi@parent123","Parent"
"Kavya Nair","kavya.nair@student.sunriseschool.edu.in","parent.kavyanair@sunriseschool.edu.in","kavya@parent123","Parent"
"Neha Patel","neha.patel@student.sunriseschool.edu.in","parent.nehapatel@sunriseschool.edu.in","neha@parent123","Parent"
"Tanvi Pillai","tanvi.pillai2@student.sunriseschool.edu.in","parent.tanvipillai.3414@sunriseschool.edu.in","tanvi@parent123","Parent"
"Tanvi Rao","tanvi.rao1@student.sunriseschool.edu.in","parent.tanvirao.3414@sunriseschool.edu.in","tanvi@parent123","Parent"
"Arjun Nair","arjun.nair@student.sunriseschool.edu.in","parent.arjunnair@sunriseschool.edu.in","arjun@parent123","Parent"
"Sai Verma","sai.verma@student.sunriseschool.edu.in","parent.saiverma@sunriseschool.edu.in","sai@parent123","Parent"
"Vivaan Patel","vivaan.patel@student.sunriseschool.edu.in","parent.vivaanpatel@sunriseschool.edu.in","vivaan@parent123","Parent"
"Vihaan Kumar","vihaan.kumar@student.sunriseschool.edu.in","parent.vihaankumar@sunriseschool.edu.in","vihaan@parent123","Parent"
"Kavya Pillai","kavya.pillai@student.sunriseschool.edu.in","parent.kavyapillai.3352@sunriseschool.edu.in","kavya@parent123","Parent"
"Kabir Rao","kabir.rao2@student.sunriseschool.edu.in","parent.kabirrao.3352@sunriseschool.edu.in","kabir@parent123","Parent"
"Suhana Yadav","suhana.yadav@student.sunriseschool.edu.in","parent.suhanayadav@sunriseschool.edu.in","suhana@parent123","Parent"
"Dhruv Sharma","dhruv.sharma@student.sunriseschool.edu.in","parent.dhruvsharma@sunriseschool.edu.in","dhruv@parent123","Parent"
"Aarav Kumar","aarav.kumar1@student.sunriseschool.edu.in","parent.aaravkumar.3414@sunriseschool.edu.in","aarav@parent123","Parent"
"Neha Gupta","neha.gupta2@student.sunriseschool.edu.in","parent.nehagupta.3478@sunriseschool.edu.in","neha@parent123","Parent"
"Aarav Kumar","aarav.kumar2@student.sunriseschool.edu.in","parent.aaravkumar.3478@sunriseschool.edu.in","aarav@parent123","Parent"
"Tanvi Kumar","tanvi.kumar@student.sunriseschool.edu.in","parent.tanvikumar@sunriseschool.edu.in","tanvi@parent123","Parent"
"Sai Sharma","sai.sharma2@student.sunriseschool.edu.in","parent.saisharma.3478@sunriseschool.edu.in","sai@parent123","Parent"
"Rohan Mehta","rohan.mehta2@student.sunriseschool.edu.in","parent.rohanmehta.3478@sunriseschool.edu.in","rohan@parent123","Parent"
"Vivaan Rao","vivaan.rao@student.sunriseschool.edu.in","parent.vivaanrao@sunriseschool.edu.in","vivaan@parent123","Parent"
"Sara Yadav","sara.yadav2@student.sunriseschool.edu.in","parent.sarayadav.3478@sunriseschool.edu.in","sara@parent123","Parent"
"Ananya Chauhan","ananya.chauhan1@student.sunriseschool.edu.in","parent.ananyachauhan.3478@sunriseschool.edu.in","ananya@parent123","Parent"
"Dhruv Rao","dhruv.rao@student.sunriseschool.edu.in","parent.dhruvrao@sunriseschool.edu.in","dhruv@parent123","Parent"
"Vihaan Pillai","vihaan.pillai1@student.sunriseschool.edu.in","parent.vihaanpillai.3478@sunriseschool.edu.in","vihaan@parent123","Parent"
"Kavya Nair","kavya.nair1@student.sunriseschool.edu.in","parent.kavyanair.3478@sunriseschool.edu.in","kavya@parent123","Parent"
"Vivaan Singh","vivaan.singh1@student.sunriseschool.edu.in","parent.vivaansingh@sunriseschool.edu.in","vivaan@parent123","Parent"
"Sara Singh","sara.singh@student.sunriseschool.edu.in","parent.sarasingh@sunriseschool.edu.in","sara@parent123","Parent"
"Vihaan Verma","vihaan.verma1@student.sunriseschool.edu.in","parent.vihaanverma.3478@sunriseschool.edu.in","vihaan@parent123","Parent"
"Riya Gupta","riya.gupta2@student.sunriseschool.edu.in","parent.riyagupta.3478@sunriseschool.edu.in","riya@parent123","Parent"
"Dhruv Mehta","dhruv.mehta1@student.sunriseschool.edu.in","parent.dhruvmehta.3478@sunriseschool.edu.in","dhruv@parent123","Parent"
"Sai Pillai","sai.pillai@student.sunriseschool.edu.in","parent.saipillai@sunriseschool.edu.in","sai@parent123","Parent"
"Sai Verma","sai.verma1@student.sunriseschool.edu.in","parent.saiverma.3478@sunriseschool.edu.in","sai@parent123","Parent"
"Vihaan Kumar","vihaan.kumar1@student.sunriseschool.edu.in","parent.vihaankumar.3478@sunriseschool.edu.in","vihaan@parent123","Parent"
"Vihaan Chauhan","vihaan.chauhan@student.sunriseschool.edu.in","parent.vihaanchauhan@sunriseschool.edu.in","vihaan@parent123","Parent"
"Suhana Patel","suhana.patel@student.sunriseschool.edu.in","parent.suhanapatel@sunriseschool.edu.in","suhana@parent123","Parent"
"Tanvi Kumar","tanvi.kumar1@student.sunriseschool.edu.in","parent.tanvikumar.3478@sunriseschool.edu.in","tanvi@parent123","Parent"
"Riya Singh","riya.singh1@student.sunriseschool.edu.in","parent.riyasingh.3478@sunriseschool.edu.in","riya@parent123","Parent"
"Rohan Pillai","rohan.pillai@student.sunriseschool.edu.in","parent.rohanpillai@sunriseschool.edu.in","rohan@parent123","Parent"
"Dhruv Patel","dhruv.patel1@student.sunriseschool.edu.in","parent.dhruvpatel.3521@sunriseschool.edu.in","dhruv@parent123","Parent"
"Sai Verma","sai.verma2@student.sunriseschool.edu.in","parent.saiverma.3521@sunriseschool.edu.in","sai@parent123","Parent"
"Aditya Pillai","aditya.pillai@student.sunriseschool.edu.in","parent.adityapillai@sunriseschool.edu.in","aditya@parent123","Parent"
"Kavya Shah","kavya.shah@student.sunriseschool.edu.in","parent.kavyashah@sunriseschool.edu.in","kavya@parent123","Parent"
"Kavya Chauhan","kavya.chauhan2@student.sunriseschool.edu.in","parent.kavyachauhan.3521@sunriseschool.edu.in","kavya@parent123","Parent"
"Aarav Nair","aarav.nair@student.sunriseschool.edu.in","parent.aaravnair@sunriseschool.edu.in","aarav@parent123","Parent"
"Aditya Gupta","aditya.gupta1@student.sunriseschool.edu.in","parent.adityagupta.3521@sunriseschool.edu.in","aditya@parent123","Parent"
"Arjun Joshi","arjun.joshi1@student.sunriseschool.edu.in","parent.arjunjoshi.3521@sunriseschool.edu.in","arjun@parent123","Parent"
"Kabir Sharma","kabir.sharma1@student.sunriseschool.edu.in","parent.kabirsharma.3521@sunriseschool.edu.in","kabir@parent123","Parent"
"Rohan Shah","rohan.shah1@student.sunriseschool.edu.in","parent.rohanshah.3521@sunriseschool.edu.in","rohan@parent123","Parent"
"Kavya Reddy","kavya.reddy@student.sunriseschool.edu.in","parent.kavyareddy@sunriseschool.edu.in","kavya@parent123","Parent"
"Sara Chauhan","sara.chauhan@student.sunriseschool.edu.in","parent.sarachauhan@sunriseschool.edu.in","sara@parent123","Parent"
"Rohan Mehta","rohan.mehta1@student.sunriseschool.edu.in","parent.rohanmehta.3414@sunriseschool.edu.in","rohan@parent123","Parent"
"Aisha Singh","aisha.singh@student.sunriseschool.edu.in","parent.aishasingh@sunriseschool.edu.in","aisha@parent123","Parent"
"Riya Rao","riya.rao@student.sunriseschool.edu.in","parent.riyarao@sunriseschool.edu.in","riya@parent123","Parent"
"Siddharth Kumar","siddharth.kumar@student.sunriseschool.edu.in","parent.siddharthkumar@sunriseschool.edu.in","siddharth@parent123","Parent"
"Aisha Sharma","aisha.sharma@student.sunriseschool.edu.in","parent.aishasharma@sunriseschool.edu.in","aisha@parent123","Parent"
"Aisha Nair","aisha.nair2@student.sunriseschool.edu.in","parent.aishanair.3521@sunriseschool.edu.in","aisha@parent123","Parent"
"Neha Joshi","neha.joshi1@student.sunriseschool.edu.in","parent.nehajoshi.3521@sunriseschool.edu.in","neha@parent123","Parent"
"Tanvi Gupta","tanvi.gupta@student.sunriseschool.edu.in","parent.tanvigupta@sunriseschool.edu.in","tanvi@parent123","Parent"
"Dhruv Kumar","dhruv.kumar1@student.sunriseschool.edu.in","parent.dhruvkumar.3521@sunriseschool.edu.in","dhruv@parent123","Parent"
"Siddharth Patel","siddharth.patel1@student.sunriseschool.edu.in","parent.siddharthpatel.3521@sunriseschool.edu.in","siddharth@parent123","Parent"
"Sara Mehta","sara.mehta1@student.sunriseschool.edu.in","parent.saramehta.3521@sunriseschool.edu.in","sara@parent123","Parent"
"Neha Pillai","neha.pillai@student.sunriseschool.edu.in","parent.nehapillai@sunriseschool.edu.in","neha@parent123","Parent"
"Suhana Patel","suhana.patel1@student.sunriseschool.edu.in","parent.suhanapatel.3556@sunriseschool.edu.in","suhana@parent123","Parent"
"Suhana Verma","suhana.verma@student.sunriseschool.edu.in","parent.suhanaverma@sunriseschool.edu.in","suhana@parent123","Parent"
"Suhana Joshi","suhana.joshi1@student.sunriseschool.edu.in","parent.suhanajoshi.3556@sunriseschool.edu.in","suhana@parent123","Parent"
"Aisha Mehta","aisha.mehta2@student.sunriseschool.edu.in","parent.aishamehta.3556@sunriseschool.edu.in","aisha@parent123","Parent"
"Rohan Sharma","rohan.sharma2@student.sunriseschool.edu.in","parent.rohansharma.3556@sunriseschool.edu.in","rohan@parent123","Parent"
"Aisha Joshi","aisha.joshi@student.sunriseschool.edu.in","parent.aishajoshi@sunriseschool.edu.in","aisha@parent123","Parent"
"Tanvi Joshi","tanvi.joshi@student.sunriseschool.edu.in","parent.tanvijoshi@sunriseschool.edu.in","tanvi@parent123","Parent"
"Diya Yadav","diya.yadav1@student.sunriseschool.edu.in","parent.diyayadav.3556@sunriseschool.edu.in","diya@parent123","Parent"
"Aditya Gupta","aditya.gupta2@student.sunriseschool.edu.in","parent.adityagupta.3556@sunriseschool.edu.in","aditya@parent123","Parent"
"Rohan Verma","rohan.verma@student.sunriseschool.edu.in","parent.rohanverma@sunriseschool.edu.in","rohan@parent123","Parent"
"Vivaan Mehta","vivaan.mehta@student.sunriseschool.edu.in","parent.vivaanmehta@sunriseschool.edu.in","vivaan@parent123","Parent"
"Arjun Sharma","arjun.sharma1@student.sunriseschool.edu.in","parent.arjunsharma.3556@sunriseschool.edu.in","arjun@parent123","Parent"
"Priya Reddy","priya.reddy1@student.sunriseschool.edu.in","parent.priyareddy.3556@sunriseschool.edu.in","priya@parent123","Parent"
"Neha Pillai","neha.pillai1@student.sunriseschool.edu.in","parent.nehapillai.3556@sunriseschool.edu.in","neha@parent123","Parent"
"Aditya Kumar","aditya.kumar@student.sunriseschool.edu.in","parent.adityakumar@sunriseschool.edu.in","aditya@parent123","Parent"
"Sai Patel","sai.patel@student.sunriseschool.edu.in","parent.saipatel@sunriseschool.edu.in","sai@parent123","Parent"
"Dhruv Shah","dhruv.shah1@student.sunriseschool.edu.in","parent.dhruvshah.3556@sunriseschool.edu.in","dhruv@parent123","Parent"
"Neha Kumar","neha.kumar1@student.sunriseschool.edu.in","parent.nehakumar.3556@sunriseschool.edu.in","neha@parent123","Parent"
"Dhruv Pillai","dhruv.pillai@student.sunriseschool.edu.in","parent.dhruvpillai@sunriseschool.edu.in","dhruv@parent123","Parent"
"Dhruv Kumar","dhruv.kumar2@student.sunriseschool.edu.in","parent.dhruvkumar.3556@sunriseschool.edu.in","dhruv@parent123","Parent"
"Vihaan Yadav","vihaan.yadav1@student.sunriseschool.edu.in","parent.vihaanyadav.3556@sunriseschool.edu.in","vihaan@parent123","Parent"
"Diya Nair","diya.nair@student.sunriseschool.edu.in","parent.diyanair@sunriseschool.edu.in","diya@parent123","Parent"
"Rohan Pillai","rohan.pillai1@student.sunriseschool.edu.in","parent.rohanpillai.3556@sunriseschool.edu.in","rohan@parent123","Parent"
"Priya Reddy","priya.reddy2@student.sunriseschool.edu.in","parent.priyareddy.3593@sunriseschool.edu.in","priya@parent123","Parent"
"Diya Sharma","diya.sharma1@student.sunriseschool.edu.in","parent.diyasharma.3593@sunriseschool.edu.in","diya@parent123","Parent"
"Aisha Chauhan","aisha.chauhan@student.sunriseschool.edu.in","parent.aishachauhan@sunriseschool.edu.in","aisha@parent123","Parent"
"Neha Mehta","neha.mehta1@student.sunriseschool.edu.in","parent.nehamehta.3593@sunriseschool.edu.in","neha@parent123","Parent"
"Arjun Reddy","arjun.reddy@student.sunriseschool.edu.in","parent.arjunreddy@sunriseschool.edu.in","arjun@parent123","Parent"
"Diya Mehta","diya.mehta@student.sunriseschool.edu.in","parent.diyamehta@sunriseschool.edu.in","diya@parent123","Parent"
"Priya Shah","priya.shah@student.sunriseschool.edu.in","parent.priyashah@sunriseschool.edu.in","priya@parent123","Parent"
"Tanvi Shah","tanvi.shah@student.sunriseschool.edu.in","parent.tanvishah@sunriseschool.edu.in","tanvi@parent123","Parent"
"Aditya Rao","aditya.rao3@student.sunriseschool.edu.in","parent.adityarao.3593@sunriseschool.edu.in","aditya@parent123","Parent"
"Riya Shah","riya.shah1@student.sunriseschool.edu.in","parent.riyashah.3593@sunriseschool.edu.in","riya@parent123","Parent"
"Arjun Patel","arjun.patel2@student.sunriseschool.edu.in","parent.arjunpatel.3593@sunriseschool.edu.in","arjun@parent123","Parent"
"Ananya Gupta","ananya.gupta@student.sunriseschool.edu.in","parent.ananyagupta@sunriseschool.edu.in","ananya@parent123","Parent"
"Kabir Mehta","kabir.mehta@student.sunriseschool.edu.in","parent.kabirmehta@sunriseschool.edu.in","kabir@parent123","Parent"
"Vihaan Reddy","vihaan.reddy1@student.sunriseschool.edu.in","parent.vihaanreddy.3593@sunriseschool.edu.in","vihaan@parent123","Parent"
"Vihaan Nair","vihaan.nair@student.sunriseschool.edu.in","parent.vihaannair@sunriseschool.edu.in","vihaan@parent123","Parent"
"Diya Verma","diya.verma1@student.sunriseschool.edu.in","parent.diyaverma.3593@sunriseschool.edu.in","diya@parent123","Parent"
"Neha Chauhan","neha.chauhan@student.sunriseschool.edu.in","parent.nehachauhan@sunriseschool.edu.in","neha@parent123","Parent"
"Aisha Pillai","aisha.pillai@student.sunriseschool.edu.in","parent.aishapillai@sunriseschool.edu.in","aisha@parent123","Parent"
"Arjun Shah","arjun.shah@student.sunriseschool.edu.in","parent.arjunshah@sunriseschool.edu.in","arjun@parent123","Parent"
"Tanvi Chauhan","tanvi.chauhan1@student.sunriseschool.edu.in","parent.tanvichauhan.3593@sunriseschool.edu.in","tanvi@parent123","Parent"
"Aisha Singh","aisha.singh1@student.sunriseschool.edu.in","parent.aishasingh.3593@sunriseschool.edu.in","aisha@parent123","Parent"
"Sara Verma","sara.verma@student.sunriseschool.edu.in","parent.saraverma@sunriseschool.edu.in","sara@parent123","Parent"
"Suhana Reddy","suhana.reddy1@student.sunriseschool.edu.in","parent.suhanareddy.3593@sunriseschool.edu.in","suhana@parent123","Parent"
"Sai Mehta","sai.mehta1@student.sunriseschool.edu.in","parent.saimehta.3634@sunriseschool.edu.in","sai@parent123","Parent"
"Kabir Yadav","kabir.yadav1@student.sunriseschool.edu.in","parent.kabiryadav.3634@sunriseschool.edu.in","kabir@parent123","Parent"
"Sai Shah","sai.shah@student.sunriseschool.edu.in","parent.saishah@sunriseschool.edu.in","sai@parent123","Parent"
"Suhana Verma","suhana.verma1@student.sunriseschool.edu.in","parent.suhanaverma.3634@sunriseschool.edu.in","suhana@parent123","Parent"
"Aisha Nair","aisha.nair3@student.sunriseschool.edu.in","parent.aishanair.3634@sunriseschool.edu.in","aisha@parent123","Parent"
"Aisha Gupta","aisha.gupta1@student.sunriseschool.edu.in","parent.aishagupta.3634@sunriseschool.edu.in","aisha@parent123","Parent"
"Vihaan Gupta","vihaan.gupta@student.sunriseschool.edu.in","parent.vihaangupta@sunriseschool.edu.in","vihaan@parent123","Parent"
"Sara Singh","sara.singh1@student.sunriseschool.edu.in","parent.sarasingh.3634@sunriseschool.edu.in","sara@parent123","Parent"
"Tanvi Singh","tanvi.singh1@student.sunriseschool.edu.in","parent.tanvisingh.3634@sunriseschool.edu.in","tanvi@parent123","Parent"
"Neha Joshi","neha.joshi2@student.sunriseschool.edu.in","parent.nehajoshi.3634@sunriseschool.edu.in","neha@parent123","Parent"
"Dhruv Shah","dhruv.shah2@student.sunriseschool.edu.in","parent.dhruvshah.3634@sunriseschool.edu.in","dhruv@parent123","Parent"
"Kavya Gupta","kavya.gupta@student.sunriseschool.edu.in","parent.kavyagupta@sunriseschool.edu.in","kavya@parent123","Parent"
"Priya Pillai","priya.pillai@student.sunriseschool.edu.in","parent.priyapillai@sunriseschool.edu.in","priya@parent123","Parent"
"Arjun Patel","arjun.patel4@student.sunriseschool.edu.in","parent.arjunpatel.3634@sunriseschool.edu.in","arjun@parent123","Parent"
"Siddharth Shah","siddharth.shah@student.sunriseschool.edu.in","parent.siddharthshah@sunriseschool.edu.in","siddharth@parent123","Parent"
"Sai Singh","sai.singh1@student.sunriseschool.edu.in","parent.saisingh.3634@sunriseschool.edu.in","sai@parent123","Parent"
"Siddharth Shah","siddharth.shah1@student.sunriseschool.edu.in","parent.siddharthshah.3634@sunriseschool.edu.in","siddharth@parent123","Parent"
"Sai Rao","sai.rao2@student.sunriseschool.edu.in","parent.sairao.3634@sunriseschool.edu.in","sai@parent123","Parent"
"Kabir Verma","kabir.verma1@student.sunriseschool.edu.in","parent.kabirverma.3634@sunriseschool.edu.in","kabir@parent123","Parent"
"Siddharth Gupta","siddharth.gupta1@student.sunriseschool.edu.in","parent.siddharthgupta.3634@sunriseschool.edu.in","siddharth@parent123","Parent"
"Tanvi Verma","tanvi.verma1@student.sunriseschool.edu.in","parent.tanviverma.3634@sunriseschool.edu.in","tanvi@parent123","Parent"
"Ananya Reddy","ananya.reddy1@student.sunriseschool.edu.in","parent.ananyareddy.3634@sunriseschool.edu.in","ananya@parent123","Parent"
"Tanvi Joshi","tanvi.joshi1@student.sunriseschool.edu.in","parent.tanvijoshi.3593@sunriseschool.edu.in","tanvi@parent123","Parent"
"Arjun Yadav","arjun.yadav1@student.sunriseschool.edu.in","parent.arjunyadav.3593@sunriseschool.edu.in","arjun@parent123","Parent"
"Aarav Shah","aarav.shah@student.sunriseschool.edu.in","parent.aaravshah@sunriseschool.edu.in","aarav@parent123","Parent"
"Sara Verma","sara.verma1@student.sunriseschool.edu.in","parent.saraverma.3672@sunriseschool.edu.in","sara@parent123","Parent"
"Aditya Patel","aditya.patel@student.sunriseschool.edu.in","parent.adityapatel@sunriseschool.edu.in","aditya@parent123","Parent"
"Neha Verma","neha.verma@student.sunriseschool.edu.in","parent.nehaverma@sunriseschool.edu.in","neha@parent123","Parent"
"Kavya Yadav","kavya.yadav@student.sunriseschool.edu.in","parent.kavyayadav@sunriseschool.edu.in","kavya@parent123","Parent"
"Kabir Shah","kabir.shah2@student.sunriseschool.edu.in","parent.kabirshah.3672@sunriseschool.edu.in","kabir@parent123","Parent"
"Aisha Gupta","aisha.gupta2@student.sunriseschool.edu.in","parent.aishagupta.3672@sunriseschool.edu.in","aisha@parent123","Parent"
"Ananya Kumar","ananya.kumar@student.sunriseschool.edu.in","parent.ananyakumar@sunriseschool.edu.in","ananya@parent123","Parent"
"Kabir Kumar","kabir.kumar1@student.sunriseschool.edu.in","parent.kabirkumar.3672@sunriseschool.edu.in","kabir@parent123","Parent"
"Vihaan Rao","vihaan.rao@student.sunriseschool.edu.in","parent.vihaanrao@sunriseschool.edu.in","vihaan@parent123","Parent"
"Dhruv Shah","dhruv.shah3@student.sunriseschool.edu.in","parent.dhruvshah.3672@sunriseschool.edu.in","dhruv@parent123","Parent"
"Vivaan Verma","vivaan.verma@student.sunriseschool.edu.in","parent.vivaanverma@sunriseschool.edu.in","vivaan@parent123","Parent"
"Dhruv Mehta","dhruv.mehta2@student.sunriseschool.edu.in","parent.dhruvmehta.3672@sunriseschool.edu.in","dhruv@parent123","Parent"
"Neha Pillai","neha.pillai2@student.sunriseschool.edu.in","parent.nehapillai.3672@sunriseschool.edu.in","neha@parent123","Parent"
"Dhruv Patel","dhruv.patel3@student.sunriseschool.edu.in","parent.dhruvpatel.3672@sunriseschool.edu.in","dhruv@parent123","Parent"
"Riya Nair","riya.nair1@student.sunriseschool.edu.in","parent.riyanair.3672@sunriseschool.edu.in","riya@parent123","Parent"
"Diya Sharma","diya.sharma2@student.sunriseschool.edu.in","parent.diyasharma.3672@sunriseschool.edu.in","diya@parent123","Parent"
"Diya Joshi","diya.joshi1@student.sunriseschool.edu.in","parent.diyajoshi.3672@sunriseschool.edu.in","diya@parent123","Parent"
"Aarav Patel","aarav.patel1@student.sunriseschool.edu.in","parent.aaravpatel.3672@sunriseschool.edu.in","aarav@parent123","Parent"
"Kavya Joshi","kavya.joshi@student.sunriseschool.edu.in","parent.kavyajoshi@sunriseschool.edu.in","kavya@parent123","Parent"
"Vihaan Patel","vihaan.patel@student.sunriseschool.edu.in","parent.vihaanpatel@sunriseschool.edu.in","vihaan@parent123","Parent"
"Arjun Chauhan","arjun.chauhan2@student.sunriseschool.edu.in","parent.arjunchauhan.3672@sunriseschool.edu.in","arjun@parent123","Parent"
"Aarav Gupta","aarav.gupta@student.sunriseschool.edu.in","parent.aaravgupta@sunriseschool.edu.in","aarav@parent123","Parent"
"Riya Reddy","riya.reddy@student.sunriseschool.edu.in","parent.riyareddy@sunriseschool.edu.in","riya@parent123","Parent"
"Priya Patel","priya.patel1@student.sunriseschool.edu.in","parent.priyapatel.3714@sunriseschool.edu.in","priya@parent123","Parent"
"Sara Shah","sara.shah@student.sunriseschool.edu.in","parent.sarashah@sunriseschool.edu.in","sara@parent123","Parent"
"Suhana Chauhan","suhana.chauhan@student.sunriseschool.edu.in","parent.suhanachauhan@sunriseschool.edu.in","suhana@parent123","Parent"
"Tanvi Mehta","tanvi.mehta1@student.sunriseschool.edu.in","parent.tanvimehta.3714@sunriseschool.edu.in","tanvi@parent123","Parent"
"Riya Nair","riya.nair2@student.sunriseschool.edu.in","parent.riyanair.3714@sunriseschool.edu.in","riya@parent123","Parent"
"Kavya Mehta","kavya.mehta@student.sunriseschool.edu.in","parent.kavyamehta@sunriseschool.edu.in","kavya@parent123","Parent"
"Rohan Reddy","rohan.reddy1@student.sunriseschool.edu.in","parent.rohanreddy.3714@sunriseschool.edu.in","rohan@parent123","Parent"
"Vihaan Pillai","vihaan.pillai2@student.sunriseschool.edu.in","parent.vihaanpillai.3714@sunriseschool.edu.in","vihaan@parent123","Parent"
"Arjun Verma","arjun.verma3@student.sunriseschool.edu.in","parent.arjunverma.3714@sunriseschool.edu.in","arjun@parent123","Parent"
"Neha Patel","neha.patel1@student.sunriseschool.edu.in","parent.nehapatel.3714@sunriseschool.edu.in","neha@parent123","Parent"
"Tanvi Shah","tanvi.shah1@student.sunriseschool.edu.in","parent.tanvishah.3714@sunriseschool.edu.in","tanvi@parent123","Parent"
"Dhruv Pillai","dhruv.pillai1@student.sunriseschool.edu.in","parent.dhruvpillai.3714@sunriseschool.edu.in","dhruv@parent123","Parent"
"Siddharth Nair","siddharth.nair@student.sunriseschool.edu.in","parent.siddharthnair@sunriseschool.edu.in","siddharth@parent123","Parent"
"Vihaan Sharma","vihaan.sharma@student.sunriseschool.edu.in","parent.vihaansharma@sunriseschool.edu.in","vihaan@parent123","Parent"
"Sai Rao","sai.rao3@student.sunriseschool.edu.in","parent.sairao.3714@sunriseschool.edu.in","sai@parent123","Parent"
"Kavya Rao","kavya.rao@student.sunriseschool.edu.in","parent.kavyarao@sunriseschool.edu.in","kavya@parent123","Parent"
"Aisha Shah","aisha.shah2@student.sunriseschool.edu.in","parent.aishashah.3672@sunriseschool.edu.in","aisha@parent123","Parent"
"Riya Pillai","riya.pillai1@student.sunriseschool.edu.in","parent.riyapillai.3714@sunriseschool.edu.in","riya@parent123","Parent"
"Vivaan Chauhan","vivaan.chauhan@student.sunriseschool.edu.in","parent.vivaanchauhan@sunriseschool.edu.in","vivaan@parent123","Parent"
"Kabir Reddy","kabir.reddy1@student.sunriseschool.edu.in","parent.kabirreddy.3714@sunriseschool.edu.in","kabir@parent123","Parent"
"Kavya Nair","kavya.nair2@student.sunriseschool.edu.in","parent.kavyanair.3714@sunriseschool.edu.in","kavya@parent123","Parent"
"Vihaan Chauhan","vihaan.chauhan1@student.sunriseschool.edu.in","parent.vihaanchauhan.3714@sunriseschool.edu.in","vihaan@parent123","Parent"
"Sai Verma","sai.verma3@student.sunriseschool.edu.in","parent.saiverma.3714@sunriseschool.edu.in","sai@parent123","Parent"
"Arjun Pillai","arjun.pillai@student.sunriseschool.edu.in","parent.arjunpillai@sunriseschool.edu.in","arjun@parent123","Parent"
"Neha Gupta","neha.gupta3@student.sunriseschool.edu.in","parent.nehagupta.3754@sunriseschool.edu.in","neha@parent123","Parent"
"Priya Pillai","priya.pillai1@student.sunriseschool.edu.in","parent.priyapillai.3754@sunriseschool.edu.in","priya@parent123","Parent"
"Sai Pillai","sai.pillai1@student.sunriseschool.edu.in","parent.saipillai.3754@sunriseschool.edu.in","sai@parent123","Parent"
"Arjun Patel","arjun.patel5@student.sunriseschool.edu.in","parent.arjunpatel.3754@sunriseschool.edu.in","arjun@parent123","Parent"
"Neha Sharma","neha.sharma@student.sunriseschool.edu.in","parent.nehasharma@sunriseschool.edu.in","neha@parent123","Parent"
"Aarav Yadav","aarav.yadav1@student.sunriseschool.edu.in","parent.aaravyadav.3754@sunriseschool.edu.in","aarav@parent123","Parent"
"Priya Rao","priya.rao@student.sunriseschool.edu.in","parent.priyarao@sunriseschool.edu.in","priya@parent123","Parent"
"Priya Kumar","priya.kumar1@student.sunriseschool.edu.in","parent.priyakumar.3754@sunriseschool.edu.in","priya@parent123","Parent"
"Aditya Pillai","aditya.pillai1@student.sunriseschool.edu.in","parent.adityapillai.3754@sunriseschool.edu.in","aditya@parent123","Parent"
"Riya Gupta","riya.gupta3@student.sunriseschool.edu.in","parent.riyagupta.3754@sunriseschool.edu.in","riya@parent123","Parent"
"Vihaan Joshi","vihaan.joshi@student.sunriseschool.edu.in","parent.vihaanjoshi@sunriseschool.edu.in","vihaan@parent123","Parent"
"Diya Reddy","diya.reddy1@student.sunriseschool.edu.in","parent.diyareddy@sunriseschool.edu.in","diya@parent123","Parent"
"Riya Reddy","riya.reddy1@student.sunriseschool.edu.in","parent.riyareddy.3754@sunriseschool.edu.in","riya@parent123","Parent"
"Diya Patel","diya.patel@student.sunriseschool.edu.in","parent.diyapatel@sunriseschool.edu.in","diya@parent123","Parent"
"Vivaan Verma","vivaan.verma1@student.sunriseschool.edu.in","parent.vivaanverma.3754@sunriseschool.edu.in","vivaan@parent123","Parent"
"Vivaan Patel","vivaan.patel1@student.sunriseschool.edu.in","parent.vivaanpatel.3754@sunriseschool.edu.in","vivaan@parent123","Parent"
"Dhruv Shah","dhruv.shah4@student.sunriseschool.edu.in","parent.dhruvshah.3754@sunriseschool.edu.in","dhruv@parent123","Parent"
"Rohan Nair","rohan.nair2@student.sunriseschool.edu.in","parent.rohannair.3754@sunriseschool.edu.in","rohan@parent123","Parent"
"Priya Reddy","priya.reddy3@student.sunriseschool.edu.in","parent.priyareddy.3754@sunriseschool.edu.in","priya@parent123","Parent"
"Diya Singh","diya.singh@student.sunriseschool.edu.in","parent.diyasingh@sunriseschool.edu.in","diya@parent123","Parent"
"Vihaan Nair","vihaan.nair1@student.sunriseschool.edu.in","parent.vihaannair.3754@sunriseschool.edu.in","vihaan@parent123","Parent"
"Neha Shah","neha.shah@student.sunriseschool.edu.in","parent.nehashah@sunriseschool.edu.in","neha@parent123","Parent"
"Sai Sharma","sai.sharma3@student.sunriseschool.edu.in","parent.saisharma.3754@sunriseschool.edu.in","sai@parent123","Parent"
"Sara Singh","sara.singh2@student.sunriseschool.edu.in","parent.sarasingh.3789@sunriseschool.edu.in","sara@parent123","Parent"
"Arjun Mehta","arjun.mehta2@student.sunriseschool.edu.in","parent.arjunmehta.3789@sunriseschool.edu.in","arjun@parent123","Parent"
"Rohan Mehta","rohan.mehta3@student.sunriseschool.edu.in","parent.rohanmehta.3789@sunriseschool.edu.in","rohan@parent123","Parent"
"Aditya Yadav","aditya.yadav1@student.sunriseschool.edu.in","parent.adityayadav.3789@sunriseschool.edu.in","aditya@parent123","Parent"
"Diya Chauhan","diya.chauhan1@student.sunriseschool.edu.in","parent.diyachauhan.3789@sunriseschool.edu.in","diya@parent123","Parent"
"Vihaan Gupta","vihaan.gupta1@student.sunriseschool.edu.in","parent.vihaangupta.3789@sunriseschool.edu.in","vihaan@parent123","Parent"
"Kavya Rao","kavya.rao1@student.sunriseschool.edu.in","parent.kavyarao.3789@sunriseschool.edu.in","kavya@parent123","Parent"
"Vihaan Kumar","vihaan.kumar2@student.sunriseschool.edu.in","parent.vihaankumar.3789@sunriseschool.edu.in","vihaan@parent123","Parent"
"Tanvi Yadav","tanvi.yadav2@student.sunriseschool.edu.in","parent.tanviyadav.3789@sunriseschool.edu.in","tanvi@parent123","Parent"
"Priya Yadav","priya.yadav@student.sunriseschool.edu.in","parent.priyayadav@sunriseschool.edu.in","priya@parent123","Parent"
"Sai Nair","sai.nair1@student.sunriseschool.edu.in","parent.sainair.3714@sunriseschool.edu.in","sai@parent123","Parent"
"Sai Kumar","sai.kumar@student.sunriseschool.edu.in","parent.saikumar@sunriseschool.edu.in","sai@parent123","Parent"
"Siddharth Nair","siddharth.nair1@student.sunriseschool.edu.in","parent.siddharthnair.3789@sunriseschool.edu.in","siddharth@parent123","Parent"
"Vivaan Verma","vivaan.verma2@student.sunriseschool.edu.in","parent.vivaanverma.3789@sunriseschool.edu.in","vivaan@parent123","Parent"
"Tanvi Rao","tanvi.rao2@student.sunriseschool.edu.in","parent.tanvirao.3789@sunriseschool.edu.in","tanvi@parent123","Parent"
"Sara Reddy","sara.reddy@student.sunriseschool.edu.in","parent.sarareddy.3789@sunriseschool.edu.in","sara@parent123","Parent"
"Siddharth Singh","siddharth.singh1@student.sunriseschool.edu.in","parent.siddharthsingh.3789@sunriseschool.edu.in","siddharth@parent123","Parent"
"Vivaan Kumar","vivaan.kumar1@student.sunriseschool.edu.in","parent.vivaankumar.3789@sunriseschool.edu.in","vivaan@parent123","Parent"
"Priya Reddy","priya.reddy4@student.sunriseschool.edu.in","parent.priyareddy.3789@sunriseschool.edu.in","priya@parent123","Parent"
"Sara Gupta","sara.gupta@student.sunriseschool.edu.in","parent.saragupta@sunriseschool.edu.in","sara@parent123","Parent"
"Sai Pillai","sai.pillai2@student.sunriseschool.edu.in","parent.saipillai.3789@sunriseschool.edu.in","sai@parent123","Parent"
"Siddharth Verma","siddharth.verma1@student.sunriseschool.edu.in","parent.siddharthverma@sunriseschool.edu.in","siddharth@parent123","Parent"
"Siddharth Mehta","siddharth.mehta@student.sunriseschool.edu.in","parent.siddharthmehta@sunriseschool.edu.in","siddharth@parent123","Parent"
"Sara Gupta","sara.gupta1@student.sunriseschool.edu.in","parent.saragupta.3789@sunriseschool.edu.in","sara@parent123","Parent"
"Kavya Verma","kavya.verma@student.sunriseschool.edu.in","parent.kavyaverma@sunriseschool.edu.in","kavya@parent123","Parent"
"Kavya Singh","kavya.singh@student.sunriseschool.edu.in","parent.kavyasingh@sunriseschool.edu.in","kavya@parent123","Parent"
"Rohan Singh","rohan.singh@student.sunriseschool.edu.in","parent.rohansingh@sunriseschool.edu.in","rohan@parent123","Parent"
"Arjun Kumar","arjun.kumar@student.sunriseschool.edu.in","parent.arjunkumar@sunriseschool.edu.in","arjun@parent123","Parent"
"Priya Nair","priya.nair@student.sunriseschool.edu.in","parent.priyanair@sunriseschool.edu.in","priya@parent123","Parent"
"Ananya Rao","ananya.rao1@student.sunriseschool.edu.in","parent.ananyarao.3831@sunriseschool.edu.in","ananya@parent123","Parent"
"Neha Rao","neha.rao1@student.sunriseschool.edu.in","parent.neharao.3831@sunriseschool.edu.in","neha@parent123","Parent"
"Kavya Pillai","kavya.pillai2@student.sunriseschool.edu.in","parent.kavyapillai.3831@sunriseschool.edu.in","kavya@parent123","Parent"
"Sai Gupta","sai.gupta@student.sunriseschool.edu.in","parent.saigupta@sunriseschool.edu.in","sai@parent123","Parent"
"Kavya Reddy","kavya.reddy2@student.sunriseschool.edu.in","parent.kavyareddy.3831@sunriseschool.edu.in","kavya@parent123","Parent"
"Dhruv Singh","dhruv.singh1@student.sunriseschool.edu.in","parent.dhruvsingh.3831@sunriseschool.edu.in","dhruv@parent123","Parent"
"Kavya Gupta","kavya.gupta1@student.sunriseschool.edu.in","parent.kavyagupta.3831@sunriseschool.edu.in","kavya@parent123","Parent"
"Kabir Pillai","kabir.pillai@student.sunriseschool.edu.in","parent.kabirpillai@sunriseschool.edu.in","kabir@parent123","Parent"
"Dhruv Mehta","dhruv.mehta3@student.sunriseschool.edu.in","parent.dhruvmehta.3831@sunriseschool.edu.in","dhruv@parent123","Parent"
"Ananya Chauhan","ananya.chauhan2@student.sunriseschool.edu.in","parent.ananyachauhan.3831@sunriseschool.edu.in","ananya@parent123","Parent"
"Neha Kumar","neha.kumar2@student.sunriseschool.edu.in","parent.nehakumar.3831@sunriseschool.edu.in","neha@parent123","Parent"
"Neha Chauhan","neha.chauhan1@student.sunriseschool.edu.in","parent.nehachauhan.3831@sunriseschool.edu.in","neha@parent123","Parent"
"Siddharth Reddy","siddharth.reddy3@student.sunriseschool.edu.in","parent.siddharthreddy.3831@sunriseschool.edu.in","siddharth@parent123","Parent"
"Kabir Singh","kabir.singh1@student.sunriseschool.edu.in","parent.kabirsingh.3831@sunriseschool.edu.in","kabir@parent123","Parent"
"Suhana Joshi","suhana.joshi2@student.sunriseschool.edu.in","parent.suhanajoshi.3831@sunriseschool.edu.in","suhana@parent123","Parent"
"Diya Patel","diya.patel1@student.sunriseschool.edu.in","parent.diyapatel.3831@sunriseschool.edu.in","diya@parent123","Parent"
"Rohan Gupta","rohan.gupta1@student.sunriseschool.edu.in","parent.rohangupta.3831@sunriseschool.edu.in","rohan@parent123","Parent"
"Dhruv Chauhan","dhruv.chauhan@student.sunriseschool.edu.in","parent.dhruvchauhan@sunriseschool.edu.in","dhruv@parent123","Parent"
"Riya Verma","riya.verma1@student.sunriseschool.edu.in","parent.riyaverma.3872@sunriseschool.edu.in","riya@parent123","Parent"
"Dhruv Chauhan","dhruv.chauhan1@student.sunriseschool.edu.in","parent.dhruvchauhan.3872@sunriseschool.edu.in","dhruv@parent123","Parent"
"Riya Shah","riya.shah2@student.sunriseschool.edu.in","parent.riyashah.3789@sunriseschool.edu.in","riya@parent123","Parent"
"Siddharth Joshi","siddharth.joshi@student.sunriseschool.edu.in","parent.siddharthjoshi@sunriseschool.edu.in","siddharth@parent123","Parent"
"Vihaan Chauhan","vihaan.chauhan2@student.sunriseschool.edu.in","parent.vihaanchauhan.3872@sunriseschool.edu.in","vihaan@parent123","Parent"
"Sara Mehta","sara.mehta2@student.sunriseschool.edu.in","parent.saramehta.3872@sunriseschool.edu.in","sara@parent123","Parent"
"Aisha Gupta","aisha.gupta3@student.sunriseschool.edu.in","parent.aishagupta.3872@sunriseschool.edu.in","aisha@parent123","Parent"
"Ananya Nair","ananya.nair1@student.sunriseschool.edu.in","parent.ananyanair.3872@sunriseschool.edu.in","ananya@parent123","Parent"
"Siddharth Sharma","siddharth.sharma1@student.sunriseschool.edu.in","parent.siddharthsharma.3872@sunriseschool.edu.in","siddharth@parent123","Parent"
"Siddharth Patel","siddharth.patel2@student.sunriseschool.edu.in","parent.siddharthpatel.3872@sunriseschool.edu.in","siddharth@parent123","Parent"
"Riya Mehta","riya.mehta@student.sunriseschool.edu.in","parent.riyamehta@sunriseschool.edu.in","riya@parent123","Parent"
"Dhruv Verma","dhruv.verma@student.sunriseschool.edu.in","parent.dhruvverma@sunriseschool.edu.in","dhruv@parent123","Parent"
"Neha Rao","neha.rao2@student.sunriseschool.edu.in","parent.neharao.3872@sunriseschool.edu.in","neha@parent123","Parent"
"Suhana Reddy","suhana.reddy2@student.sunriseschool.edu.in","parent.suhanareddy.3872@sunriseschool.edu.in","suhana@parent123","Parent"
"Arjun Yadav","arjun.yadav2@student.sunriseschool.edu.in","parent.arjunyadav.3872@sunriseschool.edu.in","arjun@parent123","Parent"
"Dhruv Mehta","dhruv.mehta4@student.sunriseschool.edu.in","parent.dhruvmehta.3872@sunriseschool.edu.in","dhruv@parent123","Parent"
"Riya Mehta","riya.mehta1@student.sunriseschool.edu.in","parent.riyamehta.3872@sunriseschool.edu.in","riya@parent123","Parent"
"Kabir Chauhan","kabir.chauhan@student.sunriseschool.edu.in","parent.kabirchauhan@sunriseschool.edu.in","kabir@parent123","Parent"
"Kabir Verma","kabir.verma2@student.sunriseschool.edu.in","parent.kabirverma.3872@sunriseschool.edu.in","kabir@parent123","Parent"
"Neha Mehta","neha.mehta2@student.sunriseschool.edu.in","parent.nehamehta.3872@sunriseschool.edu.in","neha@parent123","Parent"
"Tanvi Rao","tanvi.rao3@student.sunriseschool.edu.in","parent.tanvirao.3872@sunriseschool.edu.in","tanvi@parent123","Parent"
"Vihaan Mehta","vihaan.mehta1@student.sunriseschool.edu.in","parent.vihaanmehta@sunriseschool.edu.in","vihaan@parent123","Parent"
"Tanvi Nair","tanvi.nair1@student.sunriseschool.edu.in","parent.tanvinair.3908@sunriseschool.edu.in","tanvi@parent123","Parent"
"Vihaan Singh","vihaan.singh@student.sunriseschool.edu.in","parent.vihaansingh@sunriseschool.edu.in","vihaan@parent123","Parent"
"Arjun Kumar","arjun.kumar1@student.sunriseschool.edu.in","parent.arjunkumar.3908@sunriseschool.edu.in","arjun@parent123","Parent"
"Riya Pillai","riya.pillai2@student.sunriseschool.edu.in","parent.riyapillai.3908@sunriseschool.edu.in","riya@parent123","Parent"
"Siddharth Chauhan","siddharth.chauhan3@student.sunriseschool.edu.in","parent.siddharthchauhan.3908@sunriseschool.edu.in","siddharth@parent123","Parent"
"Kabir Kumar","kabir.kumar2@student.sunriseschool.edu.in","parent.kabirkumar.3908@sunriseschool.edu.in","kabir@parent123","Parent"
"Riya Nair","riya.nair3@student.sunriseschool.edu.in","parent.riyanair.3909@sunriseschool.edu.in","riya@parent123","Parent"
"Vihaan Shah","vihaan.shah@student.sunriseschool.edu.in","parent.vihaanshah@sunriseschool.edu.in","vihaan@parent123","Parent"
"Neha Patel","neha.patel2@student.sunriseschool.edu.in","parent.nehapatel.3909@sunriseschool.edu.in","neha@parent123","Parent"
"Aisha Sharma","aisha.sharma1@student.sunriseschool.edu.in","parent.aishasharma.3909@sunriseschool.edu.in","aisha@parent123","Parent"
"Dhruv Patel","dhruv.patel4@student.sunriseschool.edu.in","parent.dhruvpatel.3909@sunriseschool.edu.in","dhruv@parent123","Parent"
"Dhruv Rao","dhruv.rao1@student.sunriseschool.edu.in","parent.dhruvrao.3909@sunriseschool.edu.in","dhruv@parent123","Parent"
"Kavya Gupta","kavya.gupta2@student.sunriseschool.edu.in","parent.kavyagupta.3909@sunriseschool.edu.in","kavya@parent123","Parent"
"Sai Nair","sai.nair2@student.sunriseschool.edu.in","parent.sainair.3909@sunriseschool.edu.in","sai@parent123","Parent"
"Suhana Reddy","suhana.reddy3@student.sunriseschool.edu.in","parent.suhanareddy.3909@sunriseschool.edu.in","suhana@parent123","Parent"
"Rohan Sharma","rohan.sharma3@student.sunriseschool.edu.in","parent.rohansharma.3909@sunriseschool.edu.in","rohan@parent123","Parent"
"Priya Nair","priya.nair1@student.sunriseschool.edu.in","parent.priyanair.3909@sunriseschool.edu.in","priya@parent123","Parent"
"Ananya Nair","ananya.nair2@student.sunriseschool.edu.in","parent.ananyanair.3909@sunriseschool.edu.in","ananya@parent123","Parent"
"Neha Mehta","neha.mehta3@student.sunriseschool.edu.in","parent.nehamehta.3909@sunriseschool.edu.in","neha@parent123","Parent"
"Sara Gupta","sara.gupta2@student.sunriseschool.edu.in","parent.saragupta.3909@sunriseschool.edu.in","sara@parent123","Parent"
"Arjun Rao","arjun.rao@student.sunriseschool.edu.in","parent.arjunrao@sunriseschool.edu.in","arjun@parent123","Parent"
"Diya Joshi","diya.joshi2@student.sunriseschool.edu.in","parent.diyajoshi.3872@sunriseschool.edu.in","diya@parent123","Parent"
"Priya Gupta","priya.gupta1@student.sunriseschool.edu.in","parent.priyagupta.3909@sunriseschool.edu.in","priya@parent123","Parent"
"Aditya Yadav","aditya.yadav2@student.sunriseschool.edu.in","parent.adityayadav.3909@sunriseschool.edu.in","aditya@parent123","Parent"
"Vivaan Rao","vivaan.rao1@student.sunriseschool.edu.in","parent.vivaanrao.3945@sunriseschool.edu.in","vivaan@parent123","Parent"
"Vihaan Kumar","vihaan.kumar3@student.sunriseschool.edu.in","parent.vihaankumar.3945@sunriseschool.edu.in","vihaan@parent123","Parent"
"Kavya Shah","kavya.shah2@student.sunriseschool.edu.in","parent.kavyashah.3945@sunriseschool.edu.in","kavya@parent123","Parent"
"Vihaan Reddy","vihaan.reddy2@student.sunriseschool.edu.in","parent.vihaanreddy.3945@sunriseschool.edu.in","vihaan@parent123","Parent"
"Riya Yadav","riya.yadav@student.sunriseschool.edu.in","parent.riyayadav@sunriseschool.edu.in","riya@parent123","Parent"
"Siddharth Kumar","siddharth.kumar1@student.sunriseschool.edu.in","parent.siddharthkumar.3945@sunriseschool.edu.in","siddharth@parent123","Parent"
"Neha Sharma","neha.sharma1@student.sunriseschool.edu.in","parent.nehasharma.3945@sunriseschool.edu.in","neha@parent123","Parent"
"Ananya Gupta","ananya.gupta1@student.sunriseschool.edu.in","parent.ananyagupta.3945@sunriseschool.edu.in","ananya@parent123","Parent"
"Tanvi Chauhan","tanvi.chauhan2@student.sunriseschool.edu.in","parent.tanvichauhan.3945@sunriseschool.edu.in","tanvi@parent123","Parent"
"Dhruv Gupta","dhruv.gupta@student.sunriseschool.edu.in","parent.dhruvgupta@sunriseschool.edu.in","dhruv@parent123","Parent"
"Sai Gupta","sai.gupta1@student.sunriseschool.edu.in","parent.saigupta.3945@sunriseschool.edu.in","sai@parent123","Parent"
"Kavya Joshi","kavya.joshi1@student.sunriseschool.edu.in","parent.kavyajoshi.3945@sunriseschool.edu.in","kavya@parent123","Parent"
"Tanvi Shah","tanvi.shah2@student.sunriseschool.edu.in","parent.tanvishah.3945@sunriseschool.edu.in","tanvi@parent123","Parent"
"Suhana Verma","suhana.verma2@student.sunriseschool.edu.in","parent.suhanaverma.3945@sunriseschool.edu.in","suhana@parent123","Parent"
"Tanvi Nair","tanvi.nair2@student.sunriseschool.edu.in","parent.tanvinair.3945@sunriseschool.edu.in","tanvi@parent123","Parent"
"Kabir Singh","kabir.singh2@student.sunriseschool.edu.in","parent.kabirsingh.3945@sunriseschool.edu.in","kabir@parent123","Parent"
"Dhruv Singh","dhruv.singh2@student.sunriseschool.edu.in","parent.dhruvsingh.3945@sunriseschool.edu.in","dhruv@parent123","Parent"
"Ananya Joshi","ananya.joshi1@student.sunriseschool.edu.in","parent.ananyajoshi.3945@sunriseschool.edu.in","ananya@parent123","Parent"
"Tanvi Gupta","tanvi.gupta1@student.sunriseschool.edu.in","parent.tanvigupta.3945@sunriseschool.edu.in","tanvi@parent123","Parent"
"Aarav Mehta","aarav.mehta@student.sunriseschool.edu.in","parent.aaravmehta@sunriseschool.edu.in","aarav@parent123","Parent"
"Sara Joshi","sara.joshi2@student.sunriseschool.edu.in","parent.sarajoshi.3945@sunriseschool.edu.in","sara@parent123","Parent"
"Sai Patel","sai.patel1@student.sunriseschool.edu.in","parent.saipatel.3945@sunriseschool.edu.in","sai@parent123","Parent"
"Sara Nair","sara.nair1@student.sunriseschool.edu.in","parent.saranair.3945@sunriseschool.edu.in","sara@parent123","Parent"
"Priya Shah","priya.shah1@student.sunriseschool.edu.in","parent.priyashah.3993@sunriseschool.edu.in","priya@parent123","Parent"
"Vivaan Verma","vivaan.verma3@student.sunriseschool.edu.in","parent.vivaanverma.3993@sunriseschool.edu.in","vivaan@parent123","Parent"
"Aarav Singh","aarav.singh@student.sunriseschool.edu.in","parent.aaravsingh@sunriseschool.edu.in","aarav@parent123","Parent"
"Aarav Reddy","aarav.reddy@student.sunriseschool.edu.in","parent.aaravreddy@sunriseschool.edu.in","aarav@parent123","Parent"
"Aisha Nair","aisha.nair4@student.sunriseschool.edu.in","parent.aishanair.3993@sunriseschool.edu.in","aisha@parent123","Parent"
"Sara Mehta","sara.mehta4@student.sunriseschool.edu.in","parent.saramehta.3993@sunriseschool.edu.in","sara@parent123","Parent"
"Vihaan Yadav","vihaan.yadav2@student.sunriseschool.edu.in","parent.vihaanyadav.3993@sunriseschool.edu.in","vihaan@parent123","Parent"
"Aditya Mehta","aditya.mehta1@student.sunriseschool.edu.in","parent.adityamehta@sunriseschool.edu.in","aditya@parent123","Parent"
"Vivaan Mehta","vivaan.mehta1@student.sunriseschool.edu.in","parent.vivaanmehta.3993@sunriseschool.edu.in","vivaan@parent123","Parent"
"Riya Patel","riya.patel@student.sunriseschool.edu.in","parent.riyapatel@sunriseschool.edu.in","riya@parent123","Parent"
"Sai Chauhan","sai.chauhan@student.sunriseschool.edu.in","parent.saichauhan@sunriseschool.edu.in","sai@parent123","Parent"
"Arjun Kumar","arjun.kumar2@student.sunriseschool.edu.in","parent.arjunkumar.3993@sunriseschool.edu.in","arjun@parent123","Parent"
"Neha Chauhan","neha.chauhan2@student.sunriseschool.edu.in","parent.nehachauhan.3993@sunriseschool.edu.in","neha@parent123","Parent"
"Diya Mehta","diya.mehta1@student.sunriseschool.edu.in","parent.diyamehta.3909@sunriseschool.edu.in","diya@parent123","Parent"
"Ananya Reddy","ananya.reddy2@student.sunriseschool.edu.in","parent.ananyareddy.3909@sunriseschool.edu.in","ananya@parent123","Parent"
"Vihaan Patel","vihaan.patel1@student.sunriseschool.edu.in","parent.vihaanpatel.3993@sunriseschool.edu.in","vihaan@parent123","Parent"
"Ananya Yadav","ananya.yadav@student.sunriseschool.edu.in","parent.ananyayadav@sunriseschool.edu.in","ananya@parent123","Parent"
"Neha Rao","neha.rao3@student.sunriseschool.edu.in","parent.neharao.3993@sunriseschool.edu.in","neha@parent123","Parent"
"Suhana Sharma","suhana.sharma@student.sunriseschool.edu.in","parent.suhanasharma@sunriseschool.edu.in","suhana@parent123","Parent"
"Siddharth Singh","siddharth.singh2@student.sunriseschool.edu.in","parent.siddharthsingh.3993@sunriseschool.edu.in","siddharth@parent123","Parent"
"Dhruv Yadav","dhruv.yadav1@student.sunriseschool.edu.in","parent.dhruvyadav.3993@sunriseschool.edu.in","dhruv@parent123","Parent"
"Neha Kumar","neha.kumar3@student.sunriseschool.edu.in","parent.nehakumar.3993@sunriseschool.edu.in","neha@parent123","Parent"
"Aditya Sharma","aditya.sharma1@student.sunriseschool.edu.in","parent.adityasharma.3993@sunriseschool.edu.in","aditya@parent123","Parent"
"Vivaan Patel","vivaan.patel2@student.sunriseschool.edu.in","parent.vivaanpatel.4035@sunriseschool.edu.in","vivaan@parent123","Parent"
"Tanvi Rao","tanvi.rao5@student.sunriseschool.edu.in","parent.tanvirao.4035@sunriseschool.edu.in","tanvi@parent123","Parent"
"Sara Rao","sara.rao@student.sunriseschool.edu.in","parent.sararao@sunriseschool.edu.in","sara@parent123","Parent"
"Aisha Pillai","aisha.pillai1@student.sunriseschool.edu.in","parent.aishapillai.4035@sunriseschool.edu.in","aisha@parent123","Parent"
"Diya Verma","diya.verma2@student.sunriseschool.edu.in","parent.diyaverma.4035@sunriseschool.edu.in","diya@parent123","Parent"
"Suhana Patel","suhana.patel2@student.sunriseschool.edu.in","parent.suhanapatel.4035@sunriseschool.edu.in","suhana@parent123","Parent"
"Riya Yadav","riya.yadav1@student.sunriseschool.edu.in","parent.riyayadav.4035@sunriseschool.edu.in","riya@parent123","Parent"
"Vivaan Singh","vivaan.singh2@student.sunriseschool.edu.in","parent.vivaansingh.4035@sunriseschool.edu.in","vivaan@parent123","Parent"
"Kavya Verma","kavya.verma1@student.sunriseschool.edu.in","parent.kavyaverma.4035@sunriseschool.edu.in","kavya@parent123","Parent"
"Aditya Patel","aditya.patel1@student.sunriseschool.edu.in","parent.adityapatel.4035@sunriseschool.edu.in","aditya@parent123","Parent"
"Dhruv Mehta","dhruv.mehta5@student.sunriseschool.edu.in","parent.dhruvmehta.4035@sunriseschool.edu.in","dhruv@parent123","Parent"
"Dhruv Singh","dhruv.singh4@student.sunriseschool.edu.in","parent.dhruvsingh.4035@sunriseschool.edu.in","dhruv@parent123","Parent"
"Arjun Nair","arjun.nair2@student.sunriseschool.edu.in","parent.arjunnair.4035@sunriseschool.edu.in","arjun@parent123","Parent"
"Vihaan Mehta","vihaan.mehta2@student.sunriseschool.edu.in","parent.vihaanmehta.4035@sunriseschool.edu.in","vihaan@parent123","Parent"
"Rohan Singh","rohan.singh1@student.sunriseschool.edu.in","parent.rohansingh.4035@sunriseschool.edu.in","rohan@parent123","Parent"
"Kabir Kumar","kabir.kumar3@student.sunriseschool.edu.in","parent.kabirkumar.4035@sunriseschool.edu.in","kabir@parent123","Parent"
"Aarav Chauhan","aarav.chauhan4@student.sunriseschool.edu.in","parent.aaravchauhan.4035@sunriseschool.edu.in","aarav@parent123","Parent"
"Vihaan Yadav","vihaan.yadav3@student.sunriseschool.edu.in","parent.vihaanyadav.4035@sunriseschool.edu.in","vihaan@parent123","Parent"
"Vivaan Sharma","vivaan.sharma1@student.sunriseschool.edu.in","parent.vivaansharma.4035@sunriseschool.edu.in","vivaan@parent123","Parent"
"Kavya Kumar","kavya.kumar1@student.sunriseschool.edu.in","parent.kavyakumar@sunriseschool.edu.in","kavya@parent123","Parent"
"Priya Reddy","priya.reddy5@student.sunriseschool.edu.in","parent.priyareddy.4035@sunriseschool.edu.in","priya@parent123","Parent"
"Sai Verma","sai.verma4@student.sunriseschool.edu.in","parent.saiverma.4035@sunriseschool.edu.in","sai@parent123","Parent"
"Neha Patel","neha.patel3@student.sunriseschool.edu.in","parent.nehapatel.4035@sunriseschool.edu.in","neha@parent123","Parent"
"Vivaan Chauhan","vivaan.chauhan1@student.sunriseschool.edu.in","parent.vivaanchauhan.4035@sunriseschool.edu.in","vivaan@parent123","Parent"
"Vihaan Singh","vihaan.singh1@student.sunriseschool.edu.in","parent.vihaansingh.4078@sunriseschool.edu.in","vihaan@parent123","Parent"
"Ananya Singh","ananya.singh@student.sunriseschool.edu.in","parent.ananyasingh@sunriseschool.edu.in","ananya@parent123","Parent"
"Tanvi Yadav","tanvi.yadav3@student.sunriseschool.edu.in","parent.tanviyadav.4078@sunriseschool.edu.in","tanvi@parent123","Parent"
"Sai Rao","sai.rao4@student.sunriseschool.edu.in","parent.sairao.4078@sunriseschool.edu.in","sai@parent123","Parent"
"Priya Gupta","priya.gupta2@student.sunriseschool.edu.in","parent.priyagupta.4078@sunriseschool.edu.in","priya@parent123","Parent"
"Tanvi Gupta","tanvi.gupta3@student.sunriseschool.edu.in","parent.tanvigupta.4078@sunriseschool.edu.in","tanvi@parent123","Parent"
"Tanvi Gupta","tanvi.gupta2@student.sunriseschool.edu.in","parent.tanvigupta.3993@sunriseschool.edu.in","tanvi@parent123","Parent"
"Kavya Sharma","kavya.sharma@student.sunriseschool.edu.in","parent.kavyasharma@sunriseschool.edu.in","kavya@parent123","Parent"
"Aisha Rao","aisha.rao@student.sunriseschool.edu.in","parent.aisharao@sunriseschool.edu.in","aisha@parent123","Parent"
"Siddharth Joshi","siddharth.joshi1@student.sunriseschool.edu.in","parent.siddharthjoshi.4078@sunriseschool.edu.in","siddharth@parent123","Parent"
"Rohan Singh","rohan.singh2@student.sunriseschool.edu.in","parent.rohansingh.4078@sunriseschool.edu.in","rohan@parent123","Parent"
"Priya Shah","priya.shah2@student.sunriseschool.edu.in","parent.priyashah.4078@sunriseschool.edu.in","priya@parent123","Parent"
"Aditya Verma","aditya.verma1@student.sunriseschool.edu.in","parent.adityaverma.4078@sunriseschool.edu.in","aditya@parent123","Parent"
"Riya Kumar","riya.kumar1@student.sunriseschool.edu.in","parent.riyakumar@sunriseschool.edu.in","riya@parent123","Parent"
"Sai Kumar","sai.kumar1@student.sunriseschool.edu.in","parent.saikumar.4078@sunriseschool.edu.in","sai@parent123","Parent"
"Sara Verma","sara.verma2@student.sunriseschool.edu.in","parent.saraverma.4078@sunriseschool.edu.in","sara@parent123","Parent"
"Dhruv Chauhan","dhruv.chauhan2@student.sunriseschool.edu.in","parent.dhruvchauhan.4078@sunriseschool.edu.in","dhruv@parent123","Parent"
"Tanvi Chauhan","tanvi.chauhan3@student.sunriseschool.edu.in","parent.tanvichauhan.4078@sunriseschool.edu.in","tanvi@parent123","Parent"
"Vihaan Gupta","vihaan.gupta2@student.sunriseschool.edu.in","parent.vihaangupta.4078@sunriseschool.edu.in","vihaan@parent123","Parent"
"Kabir Joshi","kabir.joshi1@student.sunriseschool.edu.in","parent.kabirjoshi.4078@sunriseschool.edu.in","kabir@parent123","Parent"
"Aarav Rao","aarav.rao@student.sunriseschool.edu.in","parent.aaravrao@sunriseschool.edu.in","aarav@parent123","Parent"
"Diya Kumar","diya.kumar3@student.sunriseschool.edu.in","parent.diyakumar.4078@sunriseschool.edu.in","diya@parent123","Parent"
"Sara Rao","sara.rao1@student.sunriseschool.edu.in","parent.sararao.4078@sunriseschool.edu.in","sara@parent123","Parent"
"Sai Reddy","sai.reddy3@student.sunriseschool.edu.in","parent.saireddy.4078@sunriseschool.edu.in","sai@parent123","Parent"
"Suhana Chauhan","suhana.chauhan1@student.sunriseschool.edu.in","parent.suhanachauhan.4116@sunriseschool.edu.in","suhana@parent123","Parent"
"Arjun Gupta","arjun.gupta@student.sunriseschool.edu.in","parent.arjungupta@sunriseschool.edu.in","arjun@parent123","Parent"
"Ananya Patel","ananya.patel1@student.sunriseschool.edu.in","parent.ananyapatel.4116@sunriseschool.edu.in","ananya@parent123","Parent"
"Aisha Reddy","aisha.reddy@student.sunriseschool.edu.in","parent.aishareddy@sunriseschool.edu.in","aisha@parent123","Parent"
"Dhruv Rao","dhruv.rao2@student.sunriseschool.edu.in","parent.dhruvrao.4116@sunriseschool.edu.in","dhruv@parent123","Parent"
"Aisha Singh","aisha.singh2@student.sunriseschool.edu.in","parent.aishasingh.4116@sunriseschool.edu.in","aisha@parent123","Parent"
"Riya Nair","riya.nair4@student.sunriseschool.edu.in","parent.riyanair.4116@sunriseschool.edu.in","riya@parent123","Parent"
"Vivaan Sharma","vivaan.sharma2@student.sunriseschool.edu.in","parent.vivaansharma.4116@sunriseschool.edu.in","vivaan@parent123","Parent"
"Aditya Mehta","aditya.mehta2@student.sunriseschool.edu.in","parent.adityamehta.4116@sunriseschool.edu.in","aditya@parent123","Parent"
"Priya Verma","priya.verma@student.sunriseschool.edu.in","parent.priyaverma@sunriseschool.edu.in","priya@parent123","Parent"
"Neha Singh","neha.singh@student.sunriseschool.edu.in","parent.nehasingh@sunriseschool.edu.in","neha@parent123","Parent"
"Rohan Verma","rohan.verma1@student.sunriseschool.edu.in","parent.rohanverma.4116@sunriseschool.edu.in","rohan@parent123","Parent"
"Aditya Gupta","aditya.gupta3@student.sunriseschool.edu.in","parent.adityagupta.4116@sunriseschool.edu.in","aditya@parent123","Parent"
"Kabir Sharma","kabir.sharma2@student.sunriseschool.edu.in","parent.kabirsharma.4116@sunriseschool.edu.in","kabir@parent123","Parent"
"Kavya Patel","kavya.patel3@student.sunriseschool.edu.in","parent.kavyapatel.4116@sunriseschool.edu.in","kavya@parent123","Parent"
"Vivaan Gupta","vivaan.gupta1@student.sunriseschool.edu.in","parent.vivaangupta.4116@sunriseschool.edu.in","vivaan@parent123","Parent"
"Aarav Nair","aarav.nair1@student.sunriseschool.edu.in","parent.aaravnair.4116@sunriseschool.edu.in","aarav@parent123","Parent"
"Vihaan Joshi","vihaan.joshi1@student.sunriseschool.edu.in","parent.vihaanjoshi.4116@sunriseschool.edu.in","vihaan@parent123","Parent"
"Diya Shah","diya.shah@student.sunriseschool.edu.in","parent.diyashah@sunriseschool.edu.in","diya@parent123","Parent"
"Riya Singh","riya.singh2@student.sunriseschool.edu.in","parent.riyasingh.4116@sunriseschool.edu.in","riya@parent123","Parent"
"Kavya Kumar","kavya.kumar2@student.sunriseschool.edu.in","parent.kavyakumar.4116@sunriseschool.edu.in","kavya@parent123","Parent"
"Neha Reddy","neha.reddy@student.sunriseschool.edu.in","parent.nehareddy@sunriseschool.edu.in","neha@parent123","Parent"
"Riya Kumar","riya.kumar@student.sunriseschool.edu.in","parent.riyakumar.4078@sunriseschool.edu.in","riya@parent123","Parent"
"Rohan Chauhan","rohan.chauhan1@student.sunriseschool.edu.in","parent.rohanchauhan.4078@sunriseschool.edu.in","rohan@parent123","Parent"
"Rohan Sharma","rohan.sharma4@student.sunriseschool.edu.in","parent.rohansharma.4150@sunriseschool.edu.in","rohan@parent123","Parent"
"Aarav Pillai","aarav.pillai1@student.sunriseschool.edu.in","parent.aaravpillai.4150@sunriseschool.edu.in","aarav@parent123","Parent"
"Diya Rao","diya.rao@student.sunriseschool.edu.in","parent.diyarao@sunriseschool.edu.in","diya@parent123","Parent"
"Vihaan Pillai","vihaan.pillai3@student.sunriseschool.edu.in","parent.vihaanpillai.4150@sunriseschool.edu.in","vihaan@parent123","Parent"
"Aarav Mehta","aarav.mehta1@student.sunriseschool.edu.in","parent.aaravmehta.4150@sunriseschool.edu.in","aarav@parent123","Parent"
"Ananya Sharma","ananya.sharma@student.sunriseschool.edu.in","parent.ananyasharma@sunriseschool.edu.in","ananya@parent123","Parent"
"Aisha Singh","aisha.singh3@student.sunriseschool.edu.in","parent.aishasingh.4150@sunriseschool.edu.in","aisha@parent123","Parent"
"Sara Kumar","sara.kumar@student.sunriseschool.edu.in","parent.sarakumar@sunriseschool.edu.in","sara@parent123","Parent"
"Neha Yadav","neha.yadav@student.sunriseschool.edu.in","parent.nehayadav@sunriseschool.edu.in","neha@parent123","Parent"
"Priya Reddy","priya.reddy6@student.sunriseschool.edu.in","parent.priyareddy.4150@sunriseschool.edu.in","priya@parent123","Parent"
"Kavya Shah","kavya.shah3@student.sunriseschool.edu.in","parent.kavyashah.4150@sunriseschool.edu.in","kavya@parent123","Parent"
"Kavya Sharma","kavya.sharma1@student.sunriseschool.edu.in","parent.kavyasharma.4150@sunriseschool.edu.in","kavya@parent123","Parent"
"Aarav Shah","aarav.shah1@student.sunriseschool.edu.in","parent.aaravshah.4150@sunriseschool.edu.in","aarav@parent123","Parent"
"Dhruv Singh","dhruv.singh5@student.sunriseschool.edu.in","parent.dhruvsingh.4150@sunriseschool.edu.in","dhruv@parent123","Parent"
"Arjun Chauhan","arjun.chauhan3@student.sunriseschool.edu.in","parent.arjunchauhan.4150@sunriseschool.edu.in","arjun@parent123","Parent"
"Kavya Rao","kavya.rao2@student.sunriseschool.edu.in","parent.kavyarao.4150@sunriseschool.edu.in","kavya@parent123","Parent"
"Diya Sharma","diya.sharma3@student.sunriseschool.edu.in","parent.diyasharma.4150@sunriseschool.edu.in","diya@parent123","Parent"
"Priya Gupta","priya.gupta3@student.sunriseschool.edu.in","parent.priyagupta.4150@sunriseschool.edu.in","priya@parent123","Parent"
"Priya Nair","priya.nair2@student.sunriseschool.edu.in","parent.priyanair.4150@sunriseschool.edu.in","priya@parent123","Parent"
"Vivaan Sharma","vivaan.sharma4@student.sunriseschool.edu.in","parent.vivaansharma.4150@sunriseschool.edu.in","vivaan@parent123","Parent"
"Tanvi Mehta","tanvi.mehta2@student.sunriseschool.edu.in","parent.tanvimehta.4186@sunriseschool.edu.in","tanvi@parent123","Parent"
"Priya Mehta","priya.mehta@student.sunriseschool.edu.in","parent.priyamehta@sunriseschool.edu.in","priya@parent123","Parent"
"Aarav Yadav","aarav.yadav2@student.sunriseschool.edu.in","parent.aaravyadav.4186@sunriseschool.edu.in","aarav@parent123","Parent"
"Dhruv Pillai","dhruv.pillai2@student.sunriseschool.edu.in","parent.dhruvpillai.4186@sunriseschool.edu.in","dhruv@parent123","Parent"
"Vivaan Yadav","vivaan.yadav@student.sunriseschool.edu.in","parent.vivaanyadav@sunriseschool.edu.in","vivaan@parent123","Parent"
"Aditya Patel","aditya.patel2@student.sunriseschool.edu.in","parent.adityapatel.4186@sunriseschool.edu.in","aditya@parent123","Parent"
"Vivaan Sharma","vivaan.sharma5@student.sunriseschool.edu.in","parent.vivaansharma.4186@sunriseschool.edu.in","vivaan@parent123","Parent"
"Neha Verma","neha.verma1@student.sunriseschool.edu.in","parent.nehaverma.4186@sunriseschool.edu.in","neha@parent123","Parent"
"Aisha Kumar","aisha.kumar@student.sunriseschool.edu.in","parent.aishakumar@sunriseschool.edu.in","aisha@parent123","Parent"
"Diya Rao","diya.rao1@student.sunriseschool.edu.in","parent.diyarao.4186@sunriseschool.edu.in","diya@parent123","Parent"
"Vihaan Singh","vihaan.singh2@student.sunriseschool.edu.in","parent.vihaansingh.4186@sunriseschool.edu.in","vihaan@parent123","Parent"
"Sai Nair","sai.nair3@student.sunriseschool.edu.in","parent.sainair.4186@sunriseschool.edu.in","sai@parent123","Parent"
"Vihaan Gupta","vihaan.gupta3@student.sunriseschool.edu.in","parent.vihaangupta.4186@sunriseschool.edu.in","vihaan@parent123","Parent"
"Arjun Rao","arjun.rao1@student.sunriseschool.edu.in","parent.arjunrao.4186@sunriseschool.edu.in","arjun@parent123","Parent"
"Aditya Singh","aditya.singh1@student.sunriseschool.edu.in","parent.adityasingh.4186@sunriseschool.edu.in","aditya@parent123","Parent"
"Kavya Singh","kavya.singh1@student.sunriseschool.edu.in","parent.kavyasingh.4186@sunriseschool.edu.in","kavya@parent123","Parent"
"Vihaan Sharma","vihaan.sharma1@student.sunriseschool.edu.in","parent.vihaansharma.4186@sunriseschool.edu.in","vihaan@parent123","Parent"
"Aarav Chauhan","aarav.chauhan5@student.sunriseschool.edu.in","parent.aaravchauhan.4150@sunriseschool.edu.in","aarav@parent123","Parent"
"Arjun Pillai","arjun.pillai1@student.sunriseschool.edu.in","parent.arjunpillai.4150@sunriseschool.edu.in","arjun@parent123","Parent"
"Arjun Nair","arjun.nair3@student.sunriseschool.edu.in","parent.arjunnair.4186@sunriseschool.edu.in","arjun@parent123","Parent"
"Diya Singh","diya.singh1@student.sunriseschool.edu.in","parent.diyasingh.4186@sunriseschool.edu.in","diya@parent123","Parent"
"Rohan Pillai","rohan.pillai2@student.sunriseschool.edu.in","parent.rohanpillai.4186@sunriseschool.edu.in","rohan@parent123","Parent"
"Sara Nair","sara.nair2@student.sunriseschool.edu.in","parent.saranair.4186@sunriseschool.edu.in","sara@parent123","Parent"
"Suhana Mehta","suhana.mehta1@student.sunriseschool.edu.in","parent.suhanamehta.4220@sunriseschool.edu.in","suhana@parent123","Parent"
"Riya Singh","riya.singh3@student.sunriseschool.edu.in","parent.riyasingh.4220@sunriseschool.edu.in","riya@parent123","Parent"
"Siddharth Yadav","siddharth.yadav@student.sunriseschool.edu.in","parent.siddharthyadav@sunriseschool.edu.in","siddharth@parent123","Parent"
"Kabir Patel","kabir.patel@student.sunriseschool.edu.in","parent.kabirpatel@sunriseschool.edu.in","kabir@parent123","Parent"
"Diya Pillai","diya.pillai@student.sunriseschool.edu.in","parent.diyapillai@sunriseschool.edu.in","diya@parent123","Parent"
"Tanvi Yadav","tanvi.yadav4@student.sunriseschool.edu.in","parent.tanviyadav.4220@sunriseschool.edu.in","tanvi@parent123","Parent"
"Neha Verma","neha.verma2@student.sunriseschool.edu.in","parent.nehaverma.4220@sunriseschool.edu.in","neha@parent123","Parent"
"Sai Nair","sai.nair4@student.sunriseschool.edu.in","parent.sainair.4220@sunriseschool.edu.in","sai@parent123","Parent"
"Kabir Shah","kabir.shah3@student.sunriseschool.edu.in","parent.kabirshah.4220@sunriseschool.edu.in","kabir@parent123","Parent"
"Rohan Mehta","rohan.mehta4@student.sunriseschool.edu.in","parent.rohanmehta.4220@sunriseschool.edu.in","rohan@parent123","Parent"
"Tanvi Chauhan","tanvi.chauhan4@student.sunriseschool.edu.in","parent.tanvichauhan.4220@sunriseschool.edu.in","tanvi@parent123","Parent"
"Suhana Yadav","suhana.yadav1@student.sunriseschool.edu.in","parent.suhanayadav.4220@sunriseschool.edu.in","suhana@parent123","Parent"
"Tanvi Sharma","tanvi.sharma1@student.sunriseschool.edu.in","parent.tanvisharma.4220@sunriseschool.edu.in","tanvi@parent123","Parent"
"Tanvi Verma","tanvi.verma2@student.sunriseschool.edu.in","parent.tanviverma.4220@sunriseschool.edu.in","tanvi@parent123","Parent"
"Vivaan Yadav","vivaan.yadav1@student.sunriseschool.edu.in","parent.vivaanyadav.4220@sunriseschool.edu.in","vivaan@parent123","Parent"
"Kabir Kumar","kabir.kumar4@student.sunriseschool.edu.in","parent.kabirkumar.4220@sunriseschool.edu.in","kabir@parent123","Parent"
"Neha Kumar","neha.kumar4@student.sunriseschool.edu.in","parent.nehakumar.4220@sunriseschool.edu.in","neha@parent123","Parent"
"Aarav Verma","aarav.verma3@student.sunriseschool.edu.in","parent.aaravverma.4220@sunriseschool.edu.in","aarav@parent123","Parent"
"Riya Nair","riya.nair5@student.sunriseschool.edu.in","parent.riyanair.4220@sunriseschool.edu.in","riya@parent123","Parent"
"Siddharth Kumar","siddharth.kumar2@student.sunriseschool.edu.in","parent.siddharthkumar.4220@sunriseschool.edu.in","siddharth@parent123","Parent"
"Diya Pillai","diya.pillai1@student.sunriseschool.edu.in","parent.diyapillai.4220@sunriseschool.edu.in","diya@parent123","Parent"
"Rohan Yadav","rohan.yadav1@student.sunriseschool.edu.in","parent.rohanyadav@sunriseschool.edu.in","rohan@parent123","Parent"
"Priya Rao","priya.rao1@student.sunriseschool.edu.in","parent.priyarao.4220@sunriseschool.edu.in","priya@parent123","Parent"
"Arjun Reddy","arjun.reddy1@student.sunriseschool.edu.in","parent.arjunreddy.4220@sunriseschool.edu.in","arjun@parent123","Parent"
"Kavya Kumar","kavya.kumar@student.sunriseschool.edu.in","parent.kavyakumar.3095@sunriseschool.edu.in","kavya@parent123","Parent"
"Diya Patel","diya.patel2@student.sunriseschool.edu.in","parent.diyapatel.4186@sunriseschool.edu.in","diya@parent123","Parent"
"Siddharth Verma","siddharth.verma@student.sunriseschool.edu.in","parent.siddharthverma.3153@sunriseschool.edu.in","siddharth@parent123","Parent"
"Rohan Sharma","rohan.sharma@student.sunriseschool.edu.in","parent.rohansharma.3193@sunriseschool.edu.in","rohan@parent123","Parent"
"Vivaan Singh","vivaan.singh@student.sunriseschool.edu.in","parent.vivaansingh.3272@sunriseschool.edu.in","vivaan@parent123","Parent"
"Siddharth Reddy","siddharth.reddy1@student.sunriseschool.edu.in","parent.siddharthreddy.3311@sunriseschool.edu.in","siddharth@parent123","Parent"
"Rohan Yadav","rohan.yadav@student.sunriseschool.edu.in","parent.rohanyadav.3352@sunriseschool.edu.in","rohan@parent123","Parent"
"Dhruv Joshi","dhruv.joshi@student.sunriseschool.edu.in","parent.dhruvjoshi@sunriseschool.edu.in","dhruv@parent123","Parent"
"Kabir Shah","kabir.shah1@student.sunriseschool.edu.in","parent.kabirshah.3414@sunriseschool.edu.in","kabir@parent123","Parent"
"Arjun Chauhan","arjun.chauhan1@student.sunriseschool.edu.in","parent.arjunchauhan.3478@sunriseschool.edu.in","arjun@parent123","Parent"
"Sara Gupta","sara.gupta3@student.sunriseschool.edu.in","parent.saragupta.4186@sunriseschool.edu.in","sara@parent123","Parent"
"Sai Mehta","sai.mehta2@student.sunriseschool.edu.in","parent.saimehta.3945@sunriseschool.edu.in","sai@parent123","Parent"
"Aisha Shah","aisha.shah3@student.sunriseschool.edu.in","parent.aishashah.3993@sunriseschool.edu.in","aisha@parent123","Parent"
"Kabir Rao","kabir.rao3@student.sunriseschool.edu.in","parent.kabirrao.4035@sunriseschool.edu.in","kabir@parent123","Parent"
"Aisha Gupta","aisha.gupta4@student.sunriseschool.edu.in","parent.aishagupta.4078@sunriseschool.edu.in","aisha@parent123","Parent"
"Aditya Reddy","aditya.reddy@student.sunriseschool.edu.in","parent.adityareddy@sunriseschool.edu.in","aditya@parent123","Parent"
"Aarav Kumar","aarav.kumar3@student.sunriseschool.edu.in","parent.aaravkumar.4116@sunriseschool.edu.in","aarav@parent123","Parent"
"Vivaan Pillai","vivaan.pillai3@student.sunriseschool.edu.in","parent.vivaanpillai.4150@sunriseschool.edu.in","vivaan@parent123","Parent"
"Aisha Reddy","aisha.reddy1@student.sunriseschool.edu.in","parent.aishareddy.4186@sunriseschool.edu.in","aisha@parent123","Parent"
"Dhruv Pillai","dhruv.pillai3@student.sunriseschool.edu.in","parent.dhruvpillai.4220@sunriseschool.edu.in","dhruv@parent123","Parent"
"Kavya Patel","kavya.patel2@student.sunriseschool.edu.in","parent.kavyapatel.3521@sunriseschool.edu.in","kavya@parent123","Parent"
"Ananya Mehta","ananya.mehta2@student.sunriseschool.edu.in","parent.ananyamehta.3556@sunriseschool.edu.in","ananya@parent123","Parent"
"Kavya Reddy","kavya.reddy1@student.sunriseschool.edu.in","parent.kavyareddy.3593@sunriseschool.edu.in","kavya@parent123","Parent"
"Vihaan Mehta","vihaan.mehta@student.sunriseschool.edu.in","parent.vihaanmehta.3634@sunriseschool.edu.in","vihaan@parent123","Parent"
"Arjun Mehta","arjun.mehta1@student.sunriseschool.edu.in","parent.arjunmehta.3634@sunriseschool.edu.in","arjun@parent123","Parent"
"Diya Reddy","diya.reddy@student.sunriseschool.edu.in","parent.diyareddy.3672@sunriseschool.edu.in","diya@parent123","Parent"
"Aditya Mehta","aditya.mehta@student.sunriseschool.edu.in","parent.adityamehta.3714@sunriseschool.edu.in","aditya@parent123","Parent"
"Suhana Singh","suhana.singh@student.sunriseschool.edu.in","parent.suhanasingh@sunriseschool.edu.in","suhana@parent123","Parent"
"Vivaan Pillai","vivaan.pillai2@student.sunriseschool.edu.in","parent.vivaanpillai.3789@sunriseschool.edu.in","vivaan@parent123","Parent"
"Arjun Nair","arjun.nair1@student.sunriseschool.edu.in","parent.arjunnair.3831@sunriseschool.edu.in","arjun@parent123","Parent"
"Kabir Reddy","kabir.reddy2@student.sunriseschool.edu.in","parent.kabirreddy.3872@sunriseschool.edu.in","kabir@parent123","Parent"
"Kavya Shah","kavya.shah1@student.sunriseschool.edu.in","parent.kavyashah.3909@sunriseschool.edu.in","kavya@parent123","Parent"
"Aarav Verma","aarav.verma2@student.sunriseschool.edu.in","parent.aaravverma.adm261050@sunriseschool.edu.in","aarav@parent123","Parent"
"Dhruv Patel","dhruv.patel2@student.sunriseschool.edu.in","parent.dhruvpatel.adm261248@sunriseschool.edu.in","dhruv@parent123","Parent"
"Arjun Patel","arjun.patel3@student.sunriseschool.edu.in","parent.arjunpatel.adm261298@sunriseschool.edu.in","arjun@parent123","Parent"
"Ananya Rao","ananya.rao2@student.sunriseschool.edu.in","parent.ananyarao.adm261439@sunriseschool.edu.in","ananya@parent123","Parent"
"Tanvi Rao","tanvi.rao4@student.sunriseschool.edu.in","parent.tanvirao.adm261474@sunriseschool.edu.in","tanvi@parent123","Parent"
"Dhruv Singh","dhruv.singh3@student.sunriseschool.edu.in","parent.dhruvsingh.adm261523@sunriseschool.edu.in","dhruv@parent123","Parent"
"Vivaan Mehta","vivaan.mehta2@student.sunriseschool.edu.in","parent.vivaanmehta.adm261542@sunriseschool.edu.in","vivaan@parent123","Parent"
"Vivaan Sharma","vivaan.sharma3@student.sunriseschool.edu.in","parent.vivaansharma.adm261618@sunriseschool.edu.in","vivaan@parent123","Parent"
"Aisha Singh","aisha.singh4@student.sunriseschool.edu.in","parent.aishasingh.adm261637@sunriseschool.edu.in","aisha@parent123","Parent"
"Dhruv Singh","dhruv.singh6@student.sunriseschool.edu.in","parent.dhruvsingh.adm261643@sunriseschool.edu.in","dhruv@parent123","Parent"
"Aditya Singh","aditya.singh2@student.sunriseschool.edu.in","parent.adityasingh.adm261674@sunriseschool.edu.in","aditya@parent123","Parent"
"Dhruv Nair","dhruv.nair2@student.sunriseschool.edu.in","parent.dhruvnair.adm261088@sunriseschool.edu.in","dhruv@parent123","Parent"
"Sara Mehta","sara.mehta3@student.sunriseschool.edu.in","parent.saramehta.adm261475@sunriseschool.edu.in","sara@parent123","Parent"